GameContents,DetailInfoId,Name
0,0,Tempo Quente da Giant's Tower
1,0,Tentativas de correio
2,0,Tentativas de recuperação de pena de morte gratuita
3,0,Comissão diária
4,0,Comissão Semanal
5,0,Arbiter’s Ordeal Pontos
6,0,Tempo off-line
7,0,Tentativas de recuperação de condição gratuita
8,0,Tentativas de recuperação de condição de ouro
10,0,Ticket de Entrada do Corredor Perpétuo
17,0,Hall of Proof Entradas
11,0,Abyss Battlefield Tempo de uso
12,150101,Tempo de Acesso da Barreira de Aprimoramento
12,150102,Tempo de Acesso da Barreira Dourada
12,150701,Tempo de acesso de barreira desconhecido
13,,Oportunidades de reivindicação de recompensa da Shadow Incursion
14,1,Tentativas de entrada semanal
15,1,Dimensional Prism
14,2,Tentativas de entrada semanal
15,2,Prisma de colaboração
16,0,Oportunidade de recompensa baseada no clã
18,0,Oportunidade de recompensa baseada em personagem
