Id,PageName,PageDesc
2011,Teste 1,Descrição do teste 1
2012,Teste 1,Descrição do teste 1
2013,Teste 1,Descrição do teste 1
2021,Teste 2,Descrição do teste 2
2022,Teste 2,Descrição do teste 2
2023,Teste 2,Descrição do teste 2
2031,Jornada de Aventureiro: Parte 1,Complete missões e ganhe recompensas!
2041,Jornada de Aventureiro: Parte 2,Complete missões e ganhe recompensas!
2051,Jornada de Aventureiro: Parte 3,Complete missões e ganhe recompensas!
2061,Jornada de Aventureiro: Parte 4,Complete missões e ganhe recompensas!
2101,Vamos melhorar! Campanha,Domine a arte de criar Pedras de Aprimoramento!
3011,Teste de Missão Diária,Descrição do teste diário da missão
3012,Teste de Missão Diária,Descrição do teste diário da missão
3013,Teste de Missão Diária,Descrição do teste diário da missão
4011,Teste de missão semanal,Descrição do teste de missão semanal
4012,Teste de missão semanal,Descrição do teste de missão semanal
4013,Teste de missão semanal,Descrição do teste de missão semanal
10110,Pedido Especial de Naruru!,Ajude Naruru e ganhe o ‘Token de Boa Vontade de Naruru’!
10120,Caminho do Herói: Crônicas do Sucessor,Complete missões para obter fantasias de 4 estrelas!
10130,Monica! Pesquisa Animamateria de,Complete missões e ganhe recompensas!
10140,Xeros’ Supressão de incursão,Pare as incursões e resgate suas recompensas!
10150,Evrin!,Junte-se aos membros do seu clã e prepare-se para as aventuras que virão!
10160,Solicitação de Exploração de Orika,Explore as Forsaken Lands e descubra recompensas escondidas!
10170,A Jornada do Pioneiro às Forsaken Lands,Complete missões e ganhe recompensas!
5011,Teste de missão de recompensa de conclusão,Teste de missão de recompensa de conclusão.
6011,Passo Missão Teste 1,Passo Missão Teste 1
7011,Passo Missão Teste 2,Passo Missão Teste 2
8011,Teste de missão cumulativa única,Complete missões repetidamente para ganhar recompensas cada vez melhores!
10180,Blacksmith Torcida de aprimoramento!,do Rei Besta A Blacksmiths Guild está torcendo pelo seu aprimoramento bem-sucedido!
10190,Monte! Guardiões da Fenda,Junte-se às forças que defendem as Fendas e ganhe recompensas raras.
10200,Jornada do Aventureiro,Alcance os níveis-alvo e obtenha Tokens de Aventureiro.
10210,Procure por restos da civilização perdida!,Complete missões e colete Restos da Civilização Perdida.
10220,Evento Mestre de Criação,Crie equipamentos e ganhe uma variedade de recompensas.
9011,Missão Naruru,Complete missões semanais para ganhar recompensas!
9021,Missão Naruru,Complete missões semanais para ganhar recompensas!
10230,Ultrapasse seus limites! Conquista Perpétua do Corredor,Conquiste o Corredor Perpétuo e resgate suas recompensas.
10240,do comandante concluída! Evento,Complete comissões diárias e semanais para ganhar recompensas.
10250,Fenda desconhecida detectada!,Rastreie fendas desconhecidas e capture as recompensas!
10260,Círculo de Equipamentos de Thorstein,"Experimente o ciclo de Criação, Aprimoramento e Desmontagem!"
10270,Rada!,Conclua missões de atualização e resgate suas recompensas.
10280,Warrior endurecido pela batalha,Derrote monstros chefes e obtenha Fragmentos de Blueprint Bruto de 4 estrelas!
10290,Angbar Arena Evento de desafio,Lute na Arena Angbar com os membros do seu clã e ganhe recompensas.
10300,Arbiter’s Ordeal Evento de suporte,Jogue Arbiter’s Ordeal para recompensas exclusivas.
9012,Halo Mission,Complete missões semanais para ganhar recompensas!
10310,Prepare-se para Abyss Battlefield!,Melhore seu equipamento e prepare-se para o Abyss Battlefield!
10320,Halo Wish,Use Baús Halo para obter Cupons de Invocação!
10330,Missão de contagem regressiva de Ano Novo,Complete as missões de contagem regressiva de Ano Novo e troque-as por recompensas!
10340,Empurre seus limites! Conquista Perpétua do Corredor,Conquiste o Corredor Perpétuo e resgate suas recompensas.
10350,Evento de Oração de Sucesso UlTaimate,Crie equipamentos e almeje o sucesso final!
10360,Prova de Aventureiro!,Complete várias missões nas Forsaken Lands e torne-se um verdadeiro aventureiro.
10370,Prepare-se para a temporada regular!,Complete missões semanais e ganhe seus prêmios.
10380,Junte-se ao Tesseract Batalha,Lute na batalha Tesseract e resgate suas recompensas!
10390,Reunião do Clã,Doe para o seu clã e ganhe recompensas exclusivas!
10400,Missão especial de aniversário de 100 dias,Complete todas as etapas da missão e ganhe uma variedade de itens!
10410,Monica!,Liberte o poder do Despertar! Complete as missões especiais de pesquisa de Monica agora.
10420,Ordem de Assentamento: Forsaken Lands,Coloque os pés nas Forsaken Lands recém-inauguradas e complete todas as etapas da missão!
10430,Empurre seus limites! Conquista Perpétua do Corredor,Uma nova temporada começa: conquiste o Corredor Perpétuo e prove sua força!
10440,Cooperativa de Ano Novo,As férias são mais divertidas juntos! Aproveite o conteúdo cooperativo e resgate seus presentes de Ano Novo.
10450,Atualização de ressonância,Experimente 'Ressonância' e ultrapasse o limite de atualização!
10460,Desafio de Criação de Equipamento,Receba vários materiais de artesanato APENAS tentando criar equipamentos!
10470,Arbiter’s Ordeal Suporte,Complete as missões Arbiter’s Ordeal e obtenha materiais de atualização!
10480,Missão de celebração de cuidados de classe,Complete as missões de celebração do Class Care e obtenha materiais de crescimento!
10490,All-Out chefe Raid,Participe das missões World chefe e Field chefe Raid!
10500,Evento de Apoio ao Crescimento da Primavera,Complete várias missões e obtenha materiais de crescimento!
10510,Celebração High Pass Evento de Missão Especial,Complete missões especiais de celebração do High Pass e obtenha materiais de crescimento essenciais!
10520,High Pass Evento de Missão de Amigo,Benefícios exclusivos do servidor High Pass! Atualize seu personagem e receba um total de 100 cupons de convocação!
10530,Evento de missão de detritos abissais,Complete missões exclusivas Abyss Battlefield para obter Pedras de Recarga e Detritos!
10540,Evento de suporte para aumento de crescimento,Uma chance de obter 21 “Tíquetes de Roleta para Impulsionar o Crescimento” apenas completando missões!
10550,Evento de missão de amizade,Fortaleça seu personagem para desbloquear recompensas abundantes!
10560,Rift Conquest Mission Event,Conquiste o Rift renovado para obter recompensas especiais.
10570,Evento de suporte de upgrade avançado,Uma chance de obter recompensas úteis para avanço e crescimento!
10580,Operação: Proteja a Forsaken Land!,Execute missões especiais celebrando o novo Field chefe e receba recompensas úteis por combate.
10590,Evento de crescimento de sintonização,"Experimente o novo poder de crescimento, o sistema “Attunement”, e obtenha materiais de crescimento exclusivos."
10600,Evento de missão de unidade do clã,Participe de diversas atividades do clã e receba recompensas especiais úteis para o crescimento!
10610,Operação de varredura de incursão!,Uma nova Incursão ameaça! Varra a Incursão das Sombras agora!
10620,Evento de missão de conquista de chefe,Derrote poderosos chefes de campo e ganhe recompensas perfeitas para o seu crescimento!
10630,Ressonância Evento de missão de reforço,Apoie seu crescimento de ressonância! Complete missões para obter Ressonadores Abissais e materiais de Anima.
10640,Evento de missão de véspera de aniversário de 200 dias,Complete várias missões para ganhar baús especiais de aniversário de 200 dias.
10650,Desbloquear missão especial de baú de aniversário de 200 dias!,"Quanto mais baús especiais de aniversário de 200 dias você desbloquear, mais recompensas você receberá!"
10660,Missão especial de aniversário de 200 dias,Complete missões especiais de aniversário de 200 dias e ganhe recompensas úteis para o seu crescimento!
10670,Missão de Raid Kuvaba!,Derrote o Rift chefe Kuvaba da nova temporada para ganhar recompensas especiais de crescimento!
10680,Ordem especial do campo de batalha abissal,Chegou um pedido especial para comemorar a nova temporada do Campo de Batalha Abissal!
10690,Missões de Conquista de Chefe de Rift!,Ganhe vários recursos de crescimento com base na sua participação nos novos ataques do Rift chefe!
10700,Evento de missão de ataque ao chefe,Derrote chefes de campo e de mundo para reivindicar recompensas de ataque abundantes.
10710,Missões de avanço do corredor perpétuo!,Uma nova temporada começa: conquiste o Corredor Perpétuo e prove sua força!
10720,Missões especiais do sucessor!,Missões especiais para o Sucessor! Complete missões de vários estágios para reivindicar todas as recompensas.
10730,Evento de Suporte Especial de Criação de Equipamento,Uma chance perfeita de obter materiais básicos de atualização apenas criando equipamentos!
10740,Forsaken Land Scavenger,"Enfrente a ameaça dos gigantes, complete missões de cerco e obtenha recompensas especiais."
20010,Evento Cooperativo do Chronicle do Servidor,Coopere com aventureiros no servidor para completar missões e obter recompensas!
20020,Chronicle do Servidor: Primeiro Evento,Seja o primeiro no servidor a completar missões e obter recompensas!
20030,Cooperativo do Servidor Chronicles,Coopere com aventureiros no servidor para completar missões e obter recompensas!
20040,Servidor First Chronicles,Seja o primeiro no servidor a completar missões e obter recompensas!
21000,Evento exclusivo de subida de nível CBT,"Conclua o evento CBT Celebration Level Up para ganhar Halo Tokens 
 e troque-os por recompensas na 4★ Equipment Exchange Shop!"
21010,Exclusivo CBT: Suporte Diamante,"Complete missões especiais de celebração do CBT 
 para ganhar diamantes que você pode usar na bolsa e nas lojas!"
21020,Missões de suporte de cupom de convocação,Complete a CBT Celebration: Special Missions e ganhe recompensas úteis para o seu crescimento!
22000,Evento de Conquista de Nível,
9031,Ataque a Titan Missões,Complete missões semanais para ganhar recompensas!
10750,Operação de Recaptura Final da Forsaken Land,Começa a operação de recaptura final da Forsaken Land! Pare a Grande Incursão para completar a operação.
10760,Evento de missão de detritos abissais,Complete missões exclusivas Abyss Battlefield para obter Pedras de Recarga e Detritos!
10800,Missão de Expurgo do Monstro da Forsaken Land!,"Nova região: Elysium agora aberta! Elimine monstros da Forsaken Land, 
 e carregue materiais de atualização!"
10810,Tirsak Missão de Raid,Derrote o Rift chefe da nova temporada Tirsak para ganhar recompensas especiais de crescimento!
10820,Evento de melhoria do chaveiro,"Atualize seu novo companheiro passo a passo 
 e resgate suas recompensas de bônus de suporte!"
10830,Missão de Purga do Monstro da Giant's Tower!,"Comemoração de lançamento da Torre 4F de Giant! 
Expurgue os monstros na Giant's Tower e ganhe recompensas especiais!"
10840,Atividade do Clã Missão Evento,"Aumente seu clã ao lado de seus companheiros de clã 
 e desbloqueie recompensas pessoais abundantes completando missões."
10850,Comissão Especial de Blacksmith,Aceite a Comissão Especial do Blacksmith e ganhe várias recompensas!
10860,Abyss Battlefield Evento de missão cooperativa,Uma nova temporada do Abyss Battlefield começou! Enfrente o desafio com outros aventureiros!
10870,Arena Mission Event,Entre em nossa nova Arena de conteúdo PvP e complete as missões!
10880,Pedidos especiais de Azran,Execute os pedidos especiais de Azran para reivindicar recompensas de atualização essenciais!
10890,Missões de avanço do corredor perpétuo!,Uma nova temporada começa: conquiste o Corredor Perpétuo e prove sua força!
10900,Evento de atualização de ascensão de traje e arma fantasma,"Suba para atualizar fantasias e armas fantasmas.
Reivindique vários baús de convocação!"
10910,Evento de suporte de atualização de ressonância,"Ressonância expandida! 
Complete missões para ganhar as recompensas necessárias para atualizações de ressonância!"
10920,Missão de abertura do baú da relíquia do abismo,Abra baús de relíquias do Abyss para reivindicar recompensas bônus com base na contagem total de aberturas!
10930,Missão Especial de Blacksmith!,Aceite a Comissão Especial do Blacksmith e ganhe várias recompensas!
10940,Hall of Proof Evento de missão,"Enfrente Hall of Proof com membros do clã.
Complete missões para ganhar recompensas abundantes!"
10950,Decoração Missão Evento,"Incremente seu visual com novos trajes cosméticos.
Complete missões para ganhar várias recompensas!"
10960,Ragnar!,Complete missões de vários estágios para reivindicar todas as recompensas.
10970,Abyss Battlefield Evento de missão cooperativa,Uma nova temporada do Abyss Battlefield começou! Enfrente o desafio com outros aventureiros!
10980,OOPArt Evento de missão especial,Complete as novas missões “OOPArt” para obter recompensas valiosas.
10990,Missão de Raid Kuvaba!,Derrote o Rift chefe da nova temporada “Kuvaba” para ganhar recompensas especiais de crescimento!
11000,Missões de avanço do corredor perpétuo!,Uma nova temporada começa: conquiste o Corredor Perpétuo e prove sua força!
11010,Evento de Missão de Conquista de Chefe de Campo,Derrote poderosos chefes de campo e ganhe recompensas perfeitas para o seu crescimento!
11020,Festival da Colheita Especial: Beretta Pedido Especial de,"Reivindique o Festival da Colheita <Moonlight Stroll> Costume
 e recompensas abundantes!"
11030,Evento de aumento de nível de Rada,Explore as Forsaken Lands e descubra recompensas escondidas!
11040,Monte! Guardiões da Fenda,
11050,Blacksmith Alegria de aprimoramento de equipamento!,
11060,Abyss Battlefield Evento de missão cooperativa,
