Id,Desc,Param
1001,Desbloquear {Param} Nova pesquisa,Merchant
1002,Desbloquear {Param} Nova pesquisa,Merchant
1003,Desbloquear {Param} Nova pesquisa,Merchant
1004,Desbloquear passivo exclusivo Skill,
1005,Desbloquear {Param} Nova pesquisa,Merchant
1006,Desbloquear {Param} Nova pesquisa,Merchant
1007,Obtenha Graça Única das constelações,
1008,Obtenha Graça Única das constelações,
2001,Aumento de tentativas de fabricação de {Param},Weapon Enhancement Stone
2002,Aumento de tentativas de fabricação de {Param},Armor Enhancement Stone
2003,Adicione novos produtos na loja {Param},Blacksmith
2004,Aumento de tentativas de fabricação de {Param},Weapon Enhancement Stone
2005,Adicione novos produtos na loja {Param},Blacksmith
2006,Aumento de tentativas de fabricação de {Param},Armor Enhancement Stone
2007,Adicione novos produtos na loja {Param},Blacksmith
2008,Desbloquear passivo exclusivo Skill,
2009,Adicione novos produtos na loja {Param},Blacksmith
2010,Aumento de tentativas de fabricação de {Param},Weapon Enhancement Stone
2011,Adicione novos produtos na loja {Param},Blacksmith
2012,Aumento de tentativas de fabricação de {Param},Armor Enhancement Stone
2013,Obtenha Graça Única das constelações,
2014,Obtenha Graça Única das constelações,
3001,Aumento de tentativas de fabricação de {Param},Accessory Enhancement Stone
3002,Aumento de tentativas de fabricação de {Param},Accessory Enhancement Stone
3003,Adicione novos produtos na loja {Param},Artisan
3004,Adicione novos produtos na loja {Param},Artisan
3005,Desbloquear passivo exclusivo Skill,
3006,Aumento de tentativas de fabricação de {Param},Accessory Enhancement Stone
3007,Adicione novos produtos na loja {Param},Artisan
3008,Aumento de tentativas de fabricação de {Param},Accessory Enhancement Stone
3009,Obtenha Graça Única das constelações,
3010,Obtenha Graça Única das constelações,
4001,Adicione novos produtos na loja {Param},Appraisor
4002,Adicione novos produtos na loja {Param},Appraisor
4003,Desbloquear passivo exclusivo Skill,
4005,Obtenha Graça Única das constelações,
4006,Obtenha Graça Única das constelações,
5001,Adicione novos produtos na loja {Param},Hunter
5012,Desbloquear {Param} Receita,HP Elixir II
5002,Adicione novos produtos na loja {Param},Hunter
5003,Adicione novos produtos na loja {Param},Hunter
5004,Desbloquear {Param} Receita,Elixir de resistência de controle II
5005,Adicione novos produtos na loja {Param},Hunter
5006,Desbloquear {Param} Receita,Elixir do Herói II
5007,Adicione novos produtos na loja {Param},Hunter
5008,Desbloquear passivo exclusivo Skill,
5009,Desbloquear {Param} Receita,Elixir II do Slayer
5010,Adicione novos produtos na loja {Param},Hunter
5011,Obtenha Graça Única das constelações,
5013,Obtenha Graça Única das constelações,
6001,Desbloquear {Param} Receita,Baú de Spellstone Básico do Explorer
6002,Adicione novos produtos na loja {Param},Explorer
6003,Adicione novos produtos na loja {Param},Explorer
6004,Desbloquear {Param} Receita,Baú de Spellstone Intermediário do Explorer
6005,Adicione novos produtos na loja {Param},Explorer
6006,Desbloquear passivo exclusivo Skill,
6007,Adicione novos produtos na loja {Param},Explorer
6008,Adicione novos produtos na loja {Param},Explorer
6009,Desbloquear {Param} Receita,Baú de Spellstone Avançado do Explorer
6010,Adicione novos produtos na loja {Param},Explorer
6011,Obtenha Graça Única das constelações,
6012,Obtenha Graça Única das constelações,
7001,Adicione novos produtos na loja {Param},Wayfinder
7002,Adicione novos produtos na loja {Param},Wayfinder
7003,Adicione novos produtos na loja {Param},Wayfinder
7004,Adicione novos produtos na loja {Param},Wayfinder
7005,Desbloquear passivo exclusivo Skill,
7006,Adicione novos produtos na loja {Param},Wayfinder
7007,Obtenha Graça Única das constelações,
7008,Obtenha Graça Única das constelações,
