KeyValue,ViewText
1,Nenhum
48,0
49,1
50,2
51,3
52,4
53,5
54,6
55,7
56,8
57,9
65,UM
66,B
67,C
68,D
69,E
70,F
71,G
72,H
73,I
74,J
75,K
76,L
77,M
78,N
79,O
80,P
81,Q
82,R
83,S
84,T
85,U
86,V
87,W
88,X
89,Y
90,Z
200,Backspace
201,Guia
202,Digite
203,Pausa
204,Caps Lock
205,Esc
206,Espaço
207,Page Up
208,Page Down
209,Finalizar
210,Início
220,Seta Esquerda
221,Seta para cima
222,Seta para a direita
223,Seta para baixo
230,Inserir
231,Excluir
232,Num Pad 0
233,Num Pad 1
234,Num Pad 2
235,Num Pad 3
236,Num Pad 4
237,Num Pad 5
238,Num Pad 6
239,Num Pad 7
240,Num Pad 8
241,Num Pad 9
250,F1
251,F2
252,F3
253,F4
254,F5
255,F6
256,F7
257,F8
258,F9
259,F10
260,F11
261,F12
270,Num Lock
271,Scroll Lock
272,Shift Esquerdo
273,Shift direito
274,Ctrl Esquerdo
275,Ctrl direito
276,Alt Esquerda
277,Alt direito
278,Comando Esquerdo
279,Comando direito
290,;
291,=
292,","
293,_
294,-
295,.
296,/
297,`
298,[
299,{
300,\
301,]
302,}
303,'
304,""""
