ShopItemInfoId,Name,Param
116003001,[Realm 1 Ascension] Summon All-in-One Pack,
116003002,[Realm 2 Ascension] 4-Star Mount Black King Pack,
116003003,[Realm 3 Ascension] Constellation Master Pack,
116003004,[Realm 4 Ascension] Summon Master Pack,
116004001,[Lv. {Param} Achieved] Summon All-in-One Pack,30
116004002,[Lv. {Param} Achieved] Summon All-in-One Pack,40
116004003,[Lv. {Param} Achieved] Summon All-in-One Pack,45
116004004,[Lv. {Param} Achieved] Summon All-in-One Pack,50
116007001,Resonance Upgrade Boost Pack,
116003005,[Realm 1 Clear] New Summon All-in-One Pack,
116003006,[Realm 3 Clear] New Constellation Master Pack,
116003007,[Realm 4 Clear] New Summon Master Pack,
116003008,[Realm 5 Clear] Novo Summon Master Pack,
116004005,[Lv. {Param} Achieved: ] New Summon All-in-One Pack,30
116004006,[Lv. {Param} Achieved: ] New Summon All-in-One Pack,40
116004007,[Lv. {Param} Achieved: ] New Summon All-in-One Pack,45
116004008,[Lv. {Param} Achieved: ] New Summon All-in-One Pack,50
