Id,TabName,Descriptor,Desc,Param1,Param2
11000501,Successor's Privilege,,,,
11000502,Giant's Blessing,,,,
11600101,[5-Day Completion] Floral Rappie Pack,,,,
11600103,[5-Day Completion] Summon Attendance Pack,,,,
11600104,Aburu Festival Countdown Pack,,,,
11600105,[Daily 5-Day] Summon Completion Pack,,,,
11600106,Black Friday Attendance Pack,,,,
11600107,Halo Festival Countdown Attendance Pack,,,,
11600108,Happy New Year Summon Attendance Pack,,,,
11600109,Red Horse Attendance Support Pack,,,,
11600110,Abyss Battlefield Countdown Attendance Pack,,,,
11600111,100-Day Appreciation Summon Attendance Pack,,,,
11600112,Contest Countdown Attendance Pack,,,,
11600113,2026 Lunar New Year Attendance Pack,,,,
11600114,Upgrade Boosting Roulette Ticket Attendance Pack,,,,
11600115,4th Advancement Commemorative Summon Attendance Pack,,,,
11600116,Abyss Season 4 Commemorative Attendance Pack,,,,
11600117,Rift Season 2 Check-in Pack,,,,
11600118,New Costume Attendance Pack,,,,
11600119,Verão fresco {Param1},,,Pacote de Check-in,
11600120,Pacote de check-in de ingressos de reforço de atualização de verão,,,,
11600121,Abyss Season 8 Celebration Check-in Pack,,,,
11600122,[Global Launch] 4★ Challenge Check-in Board,,,,
11600123,Keyring Upgrade Aid Check-in Pack,,,,
11600124,[5-Day Completion] Floral Rappie Pack,,,,
11600125,[Lançamento global] 4★ Quadro de check-in do desafio,,,,
11600126,[7-Day Completion] Summon Check-In Pack,,,,
11600127,Sacred Relic of Strife Check-In Pack,,,,
11600201,Thunder Mane Step-Up,,,,
11600202,Invocação Brilhante Step-Up,,,,
11600204,Aburu Summon Step-Up,,,,
11600205,Winter Summon Step-Up,,,,
11600206,Nível de Invocação Especial de Monica,,,,
11600207,Invocação de bônus Step-Up,,,,
11600208,Invocação de bônus de arma fantasma Step-Up,,,,
11600209,Thorstein's Special Supply Step-Up,,,,
11600210,S2 Step-Up de Invocação Especial de Monica,,,,
11600211,Invocação de bônus Step-Up,,,,
11600212,S2 Thorstein Step-Up de Suprimentos Especiais,,,,
11600213,Invocação de bônus Step-Up,,,,
11600401,[Lv. {Param1} alcançado] Convocar pacote multifuncional,,,30,
11600402,[Lv. {Param1} alcançado] Convocar pacote multifuncional,,,40,
11600403,[Lv. {Param1} alcançado] Convocar pacote multifuncional,,,45,
11600404,[Lv. {Param1} alcançado] Convocar pacote multifuncional,,,50,
11600405,[Lv. {Param1} Alcançado:] Novo pacote multifuncional de convocação,,,30,
11600406,[Lv. {Param1} Alcançado:] Novo pacote multifuncional de convocação,,,40,
11600407,[Lv. {Param1} Alcançado:] Novo pacote multifuncional de convocação,,,45,
11600408,[Lv. {Param1} Alcançado:] Novo pacote multifuncional de convocação,,,50,
11600301,[Realm 1 Ascension] Summon All-in-One Pack,,,,
11600302,[Realm 2 Ascension] 4-Star Mount Black King Pack,,,,
11600303,[Realm 3 Ascension] Constellation Master Pack,,,,
11600304,[Realm 4 Ascension] Summon Master Pack,,,,
11600305,[Realm 1 Ascension] Summon All-in-One Pack,,,,
11600306,[Realm 3 Ascension] Constellation Master Pack,,,,
11600307,[Realm 4 Ascension] Summon Master Pack,,,,
11600308,[Realm 5 Clear] New Keyring Collector's Pack,,,,
11600701,Resonance Upgrade Boost Pack,,,,
11600501,Summon Pass,,,,
11600502,[5-Star Guaranteed] Summon Pass,,,,
11600601,Passe de 3 Linhas,,,,
11200101,Fim de semana,,,,
11200102,Dia da semana,,,,
