Id,Name,Description,Param
1001001,Daily Commission,Complete Daily Commission at the Commission House {RequiredStackCount} times,
1001002,Clan Donation,Donate to Clan {RequiredStackCount} times,
1001003,Arbiter’s Ordeal,Clear Arbiter’s Ordeal {RequiredStackCount} times,
1001004,Adventurers' Alliance’s Shop,Purchase items from the Adventurers Alliance Shop {RequiredStackCount} times,
1001005,Dismantle Item,Dismantle Item {RequiredStackCount} times,
1001006,Spend Gold,Spend {RequiredStackCount}Gold,
1001007,Monster Hunter,Defeat {RequiredStackCount} Monsters,
1001008,God of Crafting,Craft any item {RequiredStackCount} times,
1001009,Weekly Commission,Complete Weekly Commission at the Commission House {RequiredStackCount} times,
1001010,Clear Rifts,Clear Rifts {RequiredStackCount} times,
1001011,Giant’s Tower Hot Time,Use Giant’s Tower Hot Time for {IntParam} hours,
1001012,Grand Incursion,Participate in the Grand Incursion {RequiredStackCount} times,
1001013,Angbar Arena,Clear Angbar Arena {RequiredStackCount} Times,
1001014,Proceed with Awakening,Attempt Unlocking and Awakening {RequiredStackCount} times,
1001015,Ancient Coin Shop,Purchase items from the Ancient Coin Shop {RequiredStackCount} times,
1001016,Adventurers Alliance Coin,Purchase items from the Adventurers Alliance Coin Shop {RequiredStackCount} times,
1001017,Black Crystal,Purchase items from the Black Crystal Shop {RequiredStackCount} times,
1001018,Vending Machine,Use Vending Machines {RequiredStackCount} times,
1001019,Memorite,Consume {RequiredStackCount} Memorites,
1001020,Occupy the Monolith,Participate in Monolith War {RequiredStackCount} times,
1001021,Field Boss,Defeat Field Bosses {RequiredStackCount} times,
1001022,Spend Gold,Spend {RequiredStackCount}Gold,
1001023,Spend Gold,Spend {RequiredStackCount}Gold,
1001024,Adventurers' Alliance’s Research,Complete Research at the Adventurers Alliance {RequiredStackCount} times,
1001025,Grand Incursion,Participate in the Grand Incursion {RequiredStackCount} times,
1001026,Purify the Forsaken Land,Defeat {RequiredStackCount} Monsters in the Forsaken Land,
1001027,Purify the Giant’s Tower,Defeat {RequiredStackCount} Monsters in the Giant’s Tower,
1001028,Monster Hunter,Defeat {RequiredStackCount} Monsters,
1001029,Monster Hunter,Defeat {RequiredStackCount} Monsters,
1001030,Giant’s Vending Machine,Use Giant’s Vending Machine {RequiredStackCount} times,
1001031,The Vitalizing Sanctum,Engrave the Vitalizing Sanctum {RequiredStackCount} times,
1002001,Daily Commission,Complete Daily Commission at the Commission House {RequiredStackCount} times,
1002002,Clan Donation,Donate to Clan {RequiredStackCount} times,
1002003,Arbiter’s Ordeal,Clear Arbiter’s Ordeal {RequiredStackCount} times,
1002004,Adventurers' Alliance’s Shop,Purchase items from the Adventurers Alliance Shop {RequiredStackCount} times,
1002005,Dismantle Item,Dismantle Item {RequiredStackCount} times,
1002006,Spend Gold,Spend {RequiredStackCount}Gold,
1002007,Monster Hunter,Defeat {RequiredStackCount} Monsters,
1002008,God of Crafting,Craft any item {RequiredStackCount} times,
1002009,Weekly Commission,Complete Weekly Commission at the Commission House {RequiredStackCount} times,
1002010,Clear Rifts,Clear Rifts {RequiredStackCount} times,
1002011,Giant’s Tower Hot Time,Use Giant’s Tower Hot Time for {IntParam} hours,
1002012,Grand Incursion,Participate in the Grand Incursion {RequiredStackCount} times,
1002013,Angbar Arena,Clear Angbar Arena {RequiredStackCount} Times,
1002014,Proceed with Awakening,Attempt Unlocking and Awakening {RequiredStackCount} times,
1002015,Ancient Coin Shop,Purchase items from the Ancient Coin Shop {RequiredStackCount} times,
1002016,Adventurers Alliance Coin,Purchase items from the Adventurers Alliance Coin Shop {RequiredStackCount} times,
1002017,Black Crystal,Purchase items from the Black Crystal Shop {RequiredStackCount} times,
1002018,Vending Machine,Use Vending Machines {RequiredStackCount} times,
1002019,Memorite,Consume {RequiredStackCount} Memorites,
1002020,Occupy the Monolith,Participate in Monolith War {RequiredStackCount} times,
1002021,Field Boss,Defeat Field Bosses {RequiredStackCount} times,
1002022,Spend Gold,Spend {RequiredStackCount}Gold,
1002023,Spend Gold,Spend {RequiredStackCount}Gold,
1002024,Adventurers' Alliance’s Research,Complete Research at the Adventurers Alliance {RequiredStackCount} times,
1002025,Grand Incursion,Participate in the Grand Incursion {RequiredStackCount} times,
1002026,Purify the Forsaken Land,Defeat {RequiredStackCount} Monsters in the Forsaken Land,
1002027,Purify the Giant’s Tower,Defeat {RequiredStackCount} Monsters in the Giant’s Tower,
1002028,Monster Hunter,Defeat {RequiredStackCount} Monsters,
1002029,Monster Hunter,Defeat {RequiredStackCount} Monsters,
1002030,Giant’s Vending Machine,Use Giant’s Vending Machine {RequiredStackCount} times,
1002031,The Vitalizing Sanctum,Engrave the Vitalizing Sanctum {RequiredStackCount} times,
1003001,Daily Commission,Complete Daily Commission at the Commission House {RequiredStackCount} times,
1003002,Clan Donation,Donate to Clan {RequiredStackCount} times,
1003003,Arbiter’s Ordeal,Clear Arbiter’s Ordeal {RequiredStackCount} times,
1003004,Adventurers' Alliance’s Shop,Purchase items from the Adventurers Alliance Shop {RequiredStackCount} times,
1003005,Dismantle Item,Dismantle Item {RequiredStackCount} times,
1003006,Spend Gold,Spend {RequiredStackCount}Gold,
1003007,Monster Hunter,Defeat {RequiredStackCount} Monsters,
1003008,God of Crafting,Craft any item {RequiredStackCount} times,
1003009,Weekly Commission,Complete Weekly Commission at the Commission House {RequiredStackCount} times,
1003010,Clear Rifts,Clear Rifts {RequiredStackCount} times,
1003011,Giant’s Tower Hot Time,Use Giant’s Tower Hot Time for {IntParam} hours,
1003012,Grand Incursion,Participate in the Grand Incursion {RequiredStackCount} times,
1003013,Angbar Arena,Clear Angbar Arena {RequiredStackCount} Times,
1003014,Proceed with Awakening,Attempt Unlocking and Awakening {RequiredStackCount} times,
1003015,Ancient Coin Shop,Purchase items from the Ancient Coin Shop {RequiredStackCount} times,
1003016,Adventurers Alliance Coin,Purchase items from the Adventurers Alliance Coin Shop {RequiredStackCount} times,
1003017,Black Crystal,Purchase items from the Black Crystal Shop {RequiredStackCount} times,
1003018,Vending Machine,Use Vending Machines {RequiredStackCount} times,
1003019,Memorite,Consume {RequiredStackCount} Memorites,
1003020,Occupy the Monolith,Participate in Monolith War {RequiredStackCount} times,
1003021,Field Boss,Defeat Field Bosses {RequiredStackCount} times,
1003022,Spend Gold,Spend {RequiredStackCount}Gold,
1003023,Spend Gold,Spend {RequiredStackCount}Gold,
1003024,Adventurers' Alliance’s Research,Complete Research at the Adventurers Alliance {RequiredStackCount} times,
1003025,Grand Incursion,Participate in the Grand Incursion {RequiredStackCount} times,
1003026,Purify the Forsaken Land,Defeat {RequiredStackCount} Monsters in the Forsaken Land,
1003027,Purify the Giant’s Tower,Defeat {RequiredStackCount} Monsters in the Giant’s Tower,
1003028,Monster Hunter,Defeat {RequiredStackCount} Monsters,
1003029,Monster Hunter,Defeat {RequiredStackCount} Monsters,
1003030,Giant’s Vending Machine,Use Giant’s Vending Machine {RequiredStackCount} times,
1003031,The Vitalizing Sanctum,Engrave the Vitalizing Sanctum {RequiredStackCount} times,
1004001,Daily Commission,Complete Daily Commission at the Commission House {RequiredStackCount} times,
1004002,Clan Donation,Donate to Clan {RequiredStackCount} times,
1004003,Arbiter’s Ordeal,Clear Arbiter’s Ordeal {RequiredStackCount} times,
1004004,Adventurers' Alliance’s Shop,Purchase items from the Adventurers Alliance Shop {RequiredStackCount} times,
1004005,Dismantle Item,Dismantle Item {RequiredStackCount} times,
1004006,Spend Gold,Spend {RequiredStackCount}Gold,
1004007,Monster Hunter,Defeat {RequiredStackCount} Monsters,
1004008,God of Crafting,Craft any item {RequiredStackCount} times,
1004009,Weekly Commission,Complete Weekly Commission at the Commission House {RequiredStackCount} times,
1004010,Clear Rifts,Clear Rifts {RequiredStackCount} times,
1004011,Giant’s Tower Hot Time,Use Giant’s Tower Hot Time for {IntParam} hours,
1004012,Grand Incursion,Participate in the Grand Incursion {RequiredStackCount} times,
1004013,Angbar Arena,Clear Angbar Arena {RequiredStackCount} Times,
1004014,Proceed with Awakening,Attempt Unlocking and Awakening {RequiredStackCount} times,
1004015,Ancient Coin Shop,Purchase items from the Ancient Coin Shop {RequiredStackCount} times,
1004016,Adventurers Alliance Coin,Purchase items from the Adventurers Alliance Coin Shop {RequiredStackCount} times,
1004017,Black Crystal,Purchase items from the Black Crystal Shop {RequiredStackCount} times,
1004018,Vending Machine,Use Vending Machines {RequiredStackCount} times,
1004019,Memorite,Consume {RequiredStackCount} Memorites,
1004020,Occupy the Monolith,Participate in Monolith War {RequiredStackCount} times,
1004021,Field Boss,Defeat Field Bosses {RequiredStackCount} times,
1004022,Spend Gold,Spend {RequiredStackCount}Gold,
1004023,Spend Gold,Spend {RequiredStackCount}Gold,
1004024,Adventurers' Alliance’s Research,Complete Research at the Adventurers Alliance {RequiredStackCount} times,
1004025,Grand Incursion,Participate in the Grand Incursion {RequiredStackCount} times,
1004026,Purify the Forsaken Land,Defeat {RequiredStackCount} Monsters in the Forsaken Land,
1004027,Purify the Giant’s Tower,Defeat {RequiredStackCount} Monsters in the Giant’s Tower,
1004028,Monster Hunter,Defeat {RequiredStackCount} Monsters,
1004029,Monster Hunter,Defeat {RequiredStackCount} Monsters,
1004030,Giant’s Vending Machine,Use Giant’s Vending Machine {RequiredStackCount} times,
1004031,The Vitalizing Sanctum,Engrave the Vitalizing Sanctum {RequiredStackCount} times,
1005001,Daily Commission,Complete Daily Commission at the Commission House {RequiredStackCount} times,
1005002,Clan Donation,Donate to Clan {RequiredStackCount} times,
1005003,Arbiter’s Ordeal,Clear Arbiter’s Ordeal {RequiredStackCount} times,
1005004,Adventurers' Alliance’s Shop,Purchase items from the Adventurers Alliance Shop {RequiredStackCount} times,
1005005,Dismantle Item,Dismantle Item {RequiredStackCount} times,
1005006,Spend Gold,Spend {RequiredStackCount}Gold,
1005007,Monster Hunter,Defeat {RequiredStackCount} Monsters,
1005008,God of Crafting,Craft any item {RequiredStackCount} times,
1005009,Weekly Commission,Complete Weekly Commission at the Commission House {RequiredStackCount} times,
1005010,Clear Rifts,Clear Rifts {RequiredStackCount} times,
1005011,Giant’s Tower Hot Time,Use Giant’s Tower Hot Time for {IntParam} hours,
1005012,Grand Incursion,Participate in the Grand Incursion {RequiredStackCount} times,
1005013,Angbar Arena,Clear Angbar Arena {RequiredStackCount} Times,
1005014,Proceed with Awakening,Attempt Unlocking and Awakening {RequiredStackCount} times,
1005015,Ancient Coin Shop,Purchase items from the Ancient Coin Shop {RequiredStackCount} times,
1005016,Adventurers Alliance Coin,Purchase items from the Adventurers Alliance Coin Shop {RequiredStackCount} times,
1005017,Black Crystal,Purchase items from the Black Crystal Shop {RequiredStackCount} times,
1005018,Vending Machine,Use Vending Machines {RequiredStackCount} times,
1005019,Memorite,Consume {RequiredStackCount} Memorites,
1005020,Enter the Temporal Barrier,Enter the Temporal Barrier {RequiredStackCount} times,
1005021,Abyss Battlefield Total Time,Use Abyss Battlefield for {IntParam} hours,
1005022,Occupy the Monolith,Participate in Monolith War {RequiredStackCount} times,
1005023,Field Boss,Defeat Field Bosses {RequiredStackCount} times,
1005024,Spend Gold,Spend {RequiredStackCount}Gold,
1005025,Spend Gold,Spend {RequiredStackCount}Gold,
1005026,Adventurers' Alliance’s Research,Complete Research at the Adventurers Alliance {RequiredStackCount} times,
1005027,Grand Incursion,Participate in the Grand Incursion {RequiredStackCount} times,
1005028,Purify the Forsaken Land,Defeat {RequiredStackCount} Monsters in the Forsaken Land,
1005029,Purify the Giant’s Tower,Defeat {RequiredStackCount} Monsters in the Giant’s Tower,
1005030,Monster Hunter,Defeat {RequiredStackCount} Monsters,
1005031,Monster Hunter,Defeat {RequiredStackCount} Monsters,
1005032,Giant’s Vending Machine,Use Giant’s Vending Machine {RequiredStackCount} times,
1005033,The Vitalizing Sanctum,Engrave the Vitalizing Sanctum {RequiredStackCount} times,
1005034,Golden Crystal,Purchase items from the Golden Crystal Shop {RequiredStackCount} times,
1006001,Daily Commission,Complete Daily Commission at the Commission House {RequiredStackCount} times,
1006002,Clan Donation,Donate to Clan {RequiredStackCount} times,
1006003,Arbiter’s Ordeal,Clear Arbiter’s Ordeal {RequiredStackCount} times,
1006004,Adventurers' Alliance’s Shop,Purchase items from the Adventurers Alliance Shop {RequiredStackCount} times,
1006005,Dismantle Item,Dismantle Item {RequiredStackCount} times,
1006006,Spend Gold,Spend {RequiredStackCount}Gold,
1006007,Monster Hunter,Defeat {RequiredStackCount} Monsters,
1006008,God of Crafting,Craft any item {RequiredStackCount} times,
1006009,Weekly Commission,Complete Weekly Commission at the Commission House {RequiredStackCount} times,
1006010,Clear Rifts,Clear Rifts {RequiredStackCount} times,
1006011,Giant’s Tower Hot Time,Use Giant’s Tower Hot Time for {IntParam} hours,
1006012,Grand Incursion,Participate in the Grand Incursion {RequiredStackCount} times,
1006013,Angbar Arena,Clear Angbar Arena {RequiredStackCount} Times,
1006014,Proceed with Awakening,Attempt Unlocking and Awakening {RequiredStackCount} times,
1006015,Ancient Coin Shop,Purchase items from the Ancient Coin Shop {RequiredStackCount} times,
1006016,Adventurers Alliance Coin,Purchase items from the Adventurers Alliance Coin Shop {RequiredStackCount} times,
1006017,Black Crystal,Purchase items from the Black Crystal Shop {RequiredStackCount} times,
1006018,Vending Machine,Use Vending Machines {RequiredStackCount} times,
1006019,Memorite,Consume {RequiredStackCount} Memorites,
1006020,Enter the Temporal Barrier,Enter the Temporal Barrier {RequiredStackCount} times,
1006021,Abyss Battlefield Total Time,Use Abyss Battlefield for {IntParam} hours,
1006022,Occupy the Monolith,Participate in Monolith War {RequiredStackCount} times,
1006023,Field Boss,Defeat Field Bosses {RequiredStackCount} times,
1006024,Spend Gold,Spend {RequiredStackCount}Gold,
1006025,Spend Gold,Spend {RequiredStackCount}Gold,
1006026,Adventurers' Alliance’s Research,Complete Research at the Adventurers Alliance {RequiredStackCount} times,
1006027,Grand Incursion,Participate in the Grand Incursion {RequiredStackCount} times,
1006028,Purify the Forsaken Land,Defeat {RequiredStackCount} Monsters in the Forsaken Land,
1006029,Purify the Giant’s Tower,Defeat {RequiredStackCount} Monsters in the Giant’s Tower,
1006030,Monster Hunter,Defeat {RequiredStackCount} Monsters,
1006031,Monster Hunter,Defeat {RequiredStackCount} Monsters,
1006032,Giant’s Vending Machine,Use Giant’s Vending Machine {RequiredStackCount} times,
1006033,The Vitalizing Sanctum,Engrave the Vitalizing Sanctum {RequiredStackCount} times,
1006034,Golden Crystal,Purchase items from the Golden Crystal Shop {RequiredStackCount} times,
1007001,Daily Commission,Complete Daily Commission at the Commission House {RequiredStackCount} times,
1007002,Clan Donation,Donate to Clan {RequiredStackCount} times,
1007003,Arbiter’s Ordeal,Clear Arbiter’s Ordeal {RequiredStackCount} times,
1007004,Adventurers' Alliance’s Shop,Purchase items from the Adventurers Alliance Shop {RequiredStackCount} times,
1007005,Dismantle Item,Dismantle Item {RequiredStackCount} times,
1007006,Spend Gold,Spend {RequiredStackCount}Gold,
1007007,Monster Hunter,Defeat monsters {RequiredStackCount} times,
1007008,God of Crafting,Craft any item {RequiredStackCount} times,
1007009,Weekly Commission,Complete Weekly Commission at the Commission House {RequiredStackCount} times,
1007010,Clear Rifts,Clear Rifts {RequiredStackCount} times,
1007011,Giant’s Tower Hot Time,Use Giant’s Tower Hot Time for {IntParam} hours,
1007012,Grand Incursion,Participate in the Grand Incursion {RequiredStackCount} times,
1007013,Angbar Arena,Clear Angbar Arena {RequiredStackCount} Times,
1007014,Proceed with Awakening,Attempt Unlocking and Awakening {RequiredStackCount} times,
1007015,Ancient Coin Shop,Purchase items from the Ancient Coin Shop {RequiredStackCount} times,
1007016,Adventurers Alliance Coin,Purchase items from the Adventurers Alliance Coin Shop {RequiredStackCount} times,
1007017,Black Crystal,Purchase items from the Black Crystal Shop {RequiredStackCount} times,
1007018,Vending Machine,Use Vending Machines {RequiredStackCount} times,
1007019,Memorite,Consume {RequiredStackCount} Memorites,
1007020,Enter the Temporal Barrier,Enter the Temporal Barrier {RequiredStackCount} times,
1007021,Abyss Battlefield Total Time,Use Abyss Battlefield for {IntParam} hours,
1007022,Occupy the Monolith,Participate in Monolith War {RequiredStackCount} times,
1007023,Field Boss,Defeat Field Bosses {RequiredStackCount} times,
1007024,Spend Gold,Spend {RequiredStackCount}Gold,
1007025,Spend Gold,Spend {RequiredStackCount}Gold,
1007026,Adventurers' Alliance’s Research,Complete Research at the Adventurers Alliance {RequiredStackCount} times,
1007027,Grand Incursion,Participate in the Grand Incursion {RequiredStackCount} times,
1007028,Purify the Forsaken Land,Defeat {RequiredStackCount} Monsters in the Forsaken Land,
1007029,Purify the Giant’s Tower,Defeat {RequiredStackCount} Monsters in the Giant’s Tower,
1007030,Monster Hunter,Defeat monsters {RequiredStackCount} times,
1007031,Monster Hunter,Defeat monsters {RequiredStackCount} times,
1007032,Giant’s Vending Machine,Use Giant’s Vending Machine {RequiredStackCount} times,
1007033,The Vitalizing Sanctum,Engrave the Vitalizing Sanctum {RequiredStackCount} times,
1007034,Golden Crystal,Purchase items from the Golden Crystal Shop {RequiredStackCount} times,
1008001,Daily Commission,Complete Daily Commission at the Commission House {RequiredStackCount} times,
1008002,Clan Donation,Donate to Clan {RequiredStackCount} times,
1008003,Arbiter’s Ordeal,Clear Arbiter’s Ordeal {RequiredStackCount} times,
1008004,Adventurers' Alliance’s Shop,Purchase items from the Adventurers Alliance Shop {RequiredStackCount} times,
1008005,Dismantle Item,Dismantle Item {RequiredStackCount} times,
1008006,Spend Gold,Spend {RequiredStackCount}Gold,
1008007,Monster Hunter,Defeat monsters {RequiredStackCount} times,
1008008,God of Crafting,Craft any item {RequiredStackCount} times,
1008009,Weekly Commission,Complete Weekly Commission at the Commission House {RequiredStackCount} times,
1008010,Clear Rifts,Clear Rifts {RequiredStackCount} times,
1008011,Giant’s Tower Hot Time,Use Giant’s Tower Hot Time for {IntParam} hours,
1008012,Grand Incursion,Participate in the Grand Incursion {RequiredStackCount} times,
1008013,Angbar Arena,Clear Angbar Arena {RequiredStackCount} Times,
1008014,Proceed with Awakening,Attempt Unlocking and Awakening {RequiredStackCount} times,
1008015,Ancient Coin Shop,Purchase items from the Ancient Coin Shop {RequiredStackCount} times,
1008016,Adventurers Alliance Coin,Purchase items from the Adventurers Alliance Coin Shop {RequiredStackCount} times,
1008017,Black Crystal,Purchase items from the Black Crystal Shop {RequiredStackCount} times,
1008018,Vending Machine,Use Vending Machines {RequiredStackCount} times,
1008019,Memorite,Consume {RequiredStackCount} Memorites,
1008020,Enter the Temporal Barrier,Enter the Temporal Barrier {RequiredStackCount} times,
1008021,Abyss Battlefield Total Time,Use Abyss Battlefield for {IntParam} hours,
1008022,Occupy the Monolith,Participate in Monolith War {RequiredStackCount} times,
1008023,Field Boss,Defeat Field Bosses {RequiredStackCount} times,
1008024,Spend Gold,Spend {RequiredStackCount}Gold,
1008025,Spend Gold,Spend {RequiredStackCount}Gold,
1008026,Adventurers' Alliance’s Research,Complete Research at the Adventurers Alliance {RequiredStackCount} times,
1008027,Grand Incursion,Participate in the Grand Incursion {RequiredStackCount} times,
1008028,Purify the Forsaken Land,Defeat {RequiredStackCount} Monsters in the Forsaken Land,
1008029,Purify the Giant’s Tower,Defeat {RequiredStackCount} Monsters in the Giant’s Tower,
1008030,Monster Hunter,Defeat monsters {RequiredStackCount} times,
1008031,Monster Hunter,Defeat monsters {RequiredStackCount} times,
1008032,Giant’s Vending Machine,Use Giant’s Vending Machine {RequiredStackCount} times,
1008033,The Vitalizing Sanctum,Engrave the Vitalizing Sanctum {RequiredStackCount} times,
1008034,Golden Crystal,Purchase items from the Golden Crystal Shop {RequiredStackCount} times,
1009001,Daily Commission,Complete Daily Commission at the Commission House {RequiredStackCount} times,
1009002,Clan Donation,Donate to Clan {RequiredStackCount} times,
1009003,Arbiter’s Ordeal,Clear Arbiter’s Ordeal {RequiredStackCount} times,
1009004,Adventurers' Alliance’s Shop,Purchase items from the Adventurers Alliance Shop {RequiredStackCount} times,
1009005,Dismantle Item,Dismantle Item {RequiredStackCount} times,
1009006,Spend Gold,Spend {RequiredStackCount}Gold,
1009007,Monster Hunter,Defeat monsters {RequiredStackCount} times,
1009008,God of Crafting,Craft any item {RequiredStackCount} times,
1009009,Weekly Commission,Complete Weekly Commission at the Commission House {RequiredStackCount} times,
1009010,Clear Rifts,Clear Rifts {RequiredStackCount} times,
1009011,Giant’s Tower Hot Time,Use Giant’s Tower Hot Time for {IntParam} hours,
1009012,Grand Incursion,Participate in the Grand Incursion {RequiredStackCount} times,
1009013,Angbar Arena,Clear Angbar Arena {RequiredStackCount} Times,
1009014,Proceed with Awakening,Attempt Unlocking and Awakening {RequiredStackCount} times,
1009018,Vending Machine,Use Vending Machines {RequiredStackCount} times,
1009019,Memorite,Consume {RequiredStackCount} Memorites,
1009021,Defeat Monsters in the Temporal Barrier,Defeat {RequiredStackCount} Temporal Barrier Monsters,
1009022,Abyss Battlefield Total Time,Use Abyss Battlefield for {IntParam} hours,
1009023,Claim Rift Boss Rewards,Claim Rift Boss Rewards {RequiredStackCount} times,
1009024,Participate in the Arena,Participate in the Arena {RequiredStackCount} times,
1009025,Participate in Shadow Incursion,Participate in Shadow Incursions {RequiredStackCount} times,
1009026,Occupy the Monolith,Participate in Monolith War {RequiredStackCount} times,
1009027,Field Boss,Defeat Field Bosses {RequiredStackCount} times,
1009028,Spend Gold,Spend {RequiredStackCount}Gold,
1009029,Spend Gold,Spend {RequiredStackCount}Gold,
1009030,Adventurers' Alliance’s Research,Complete Research at the Adventurers Alliance {RequiredStackCount} times,
1009031,Grand Incursion,Participate in the Grand Incursion {RequiredStackCount} times,
1009032,Purify the Forsaken Land,Defeat {RequiredStackCount} Monsters in the Forsaken Land,
1009033,Purify the Giant’s Tower,Defeat {RequiredStackCount} Monsters in the Giant’s Tower,
1009034,Monster Hunter,Defeat monsters {RequiredStackCount} times,
1009035,Monster Hunter,Defeat monsters {RequiredStackCount} times,
1009036,Giant’s Vending Machine,Use Giant’s Vending Machine {RequiredStackCount} times,
1009037,The Vitalizing Sanctum,Engrave the Vitalizing Sanctum {RequiredStackCount} times,
1009039,Defeat Abyss Battlefield Monsters,Defeat {RequiredStackCount} Abyss Battlefield Monsters,
2001001,Summon Costume,Summon Costumes from the Summon Shop {RequiredStackCount} times,
2001002,Summon Costume,Summon Costumes from the Summon Shop {RequiredStackCount} times,
2001003,Summon Costume,Summon Costumes from the Summon Shop {RequiredStackCount} times,
2001004,Summon Costume,Summon Costumes from the Summon Shop {RequiredStackCount} times,
2001005,Summon Costume,Summon Costumes from the Summon Shop {RequiredStackCount} times,
2001006,Summon Costume,Summon Costumes from the Summon Shop {RequiredStackCount} times,
2001007,Summon Costume,Summon Costumes from the Summon Shop {RequiredStackCount} times,
2001008,Summon Costume,Summon Costumes from the Summon Shop {RequiredStackCount} times,
2001009,Summon Costume,Summon Costumes from the Summon Shop {RequiredStackCount} times,
2001010,Summon Costume,Summon Costumes from the Summon Shop {RequiredStackCount} times,
2001011,Summon Costume,Summon Costumes from the Summon Shop {RequiredStackCount} times,
2001012,Summon Costume,Summon Costumes from the Summon Shop {RequiredStackCount} times,
2001013,Summon Costume,Summon Costumes from the Summon Shop {RequiredStackCount} times,
2001014,Summon Costume,Summon Costumes from the Summon Shop {RequiredStackCount} times,
2001015,Summon Costume,Summon Costumes from the Summon Shop {RequiredStackCount} times,
2001016,Summon Costume,Summon Costumes from the Summon Shop {RequiredStackCount} times,
2001017,Summon Costume,Summon Costumes from the Summon Shop {RequiredStackCount} times,
2001018,Summon Costume,Summon Costumes from the Summon Shop {RequiredStackCount} times,
2001019,Summon Costume,Summon Costumes from the Summon Shop {RequiredStackCount} times,
2001020,Summon Costume,Summon Costumes from the Summon Shop {RequiredStackCount} times,
2001021,Summon Phantom Weapon,Summon Phantom Weapons from the Summon Shop {RequiredStackCount} times,
2001022,Summon Phantom Weapon,Summon Phantom Weapons from the Summon Shop {RequiredStackCount} times,
2001023,Summon Phantom Weapon,Summon Phantom Weapons from the Summon Shop {RequiredStackCount} times,
2001024,Summon Phantom Weapon,Summon Phantom Weapons from the Summon Shop {RequiredStackCount} times,
2001025,Summon Phantom Weapon,Summon Phantom Weapons from the Summon Shop {RequiredStackCount} times,
2001026,Summon Phantom Weapon,Summon Phantom Weapons from the Summon Shop {RequiredStackCount} times,
2001027,Summon Phantom Weapon,Summon Phantom Weapons from the Summon Shop {RequiredStackCount} times,
2001028,Summon Phantom Weapon,Summon Phantom Weapons from the Summon Shop {RequiredStackCount} times,
2001029,Summon Phantom Weapon,Summon Phantom Weapons from the Summon Shop {RequiredStackCount} times,
2001030,Summon Phantom Weapon,Summon Phantom Weapons from the Summon Shop {RequiredStackCount} times,
2001031,Summon Phantom Weapon,Summon Phantom Weapons from the Summon Shop {RequiredStackCount} times,
2001032,Summon Phantom Weapon,Summon Phantom Weapons from the Summon Shop {RequiredStackCount} times,
2001033,Summon Phantom Weapon,Summon Phantom Weapons from the Summon Shop {RequiredStackCount} times,
2001034,Summon Phantom Weapon,Summon Phantom Weapons from the Summon Shop {RequiredStackCount} times,
2001035,Summon Phantom Weapon,Summon Phantom Weapons from the Summon Shop {RequiredStackCount} times,
2001036,Summon Phantom Weapon,Summon Phantom Weapons from the Summon Shop {RequiredStackCount} times,
2001037,Summon Phantom Weapon,Summon Phantom Weapons from the Summon Shop {RequiredStackCount} times,
2001038,Summon Phantom Weapon,Summon Phantom Weapons from the Summon Shop {RequiredStackCount} times,
2001039,Summon Phantom Weapon,Summon Phantom Weapons from the Summon Shop {RequiredStackCount} times,
2001040,Summon Phantom Weapon,Summon Phantom Weapons from the Summon Shop {RequiredStackCount} times,
3000001,Daily Commission,Complete Daily Commission {RequiredStackCount} times,
3000002,Clan Donation,Donate to Clan {RequiredStackCount} times,
3000003,Arbiter’s Ordeal,Clear Arbiter’s Ordeal {RequiredStackCount} times,
3000004,Adventurers' Alliance’s Shop,Purchase items from the Adventurers Alliance Shop {RequiredStackCount} times,
3000005,Dismantle Item,Dismantle Item {RequiredStackCount} times,
3000006,Spend Gold,Spend {RequiredStackCount}Gold,
3000007,Monster Hunter,Defeat {RequiredStackCount} Monsters,
3000008,God of Crafting,Craft any item {RequiredStackCount} times,
3000009,Weekly Commission,Complete Weekly Commission at the Commission House {RequiredStackCount} times,
3000010,Clear Rifts,Clear Rifts {RequiredStackCount} times,
3000011,Giant’s Tower Hot Time,Use Giant’s Tower Hot Time for {IntParam} hours,
10001001,Monster Hunter,Defeat {RequiredStackCount} Monsters,
1000102,Craft Weapon Enhancement Stone,Craft Weapon Enhancement Stones {RequiredStackCount} times,
1000103,Craft Armor Enhancement Stone,Craft Armor Enhancement Stones {RequiredStackCount} times,
1000104,Craft Accessory Enhancement Stone,Craft Accessory Enhancement Stone {RequiredStackCount} times,
1000105,Daily Commission,Complete Daily Commission at the Commission House {RequiredStackCount} times,
1000106,Spend Gold,Spend {RequiredStackCount}Gold,
1000114,Uninvited Guest,Receive rewards after clearing [{Param}] {IntParam} times,Abnormal Rift: Uninvited Guest
1000115,Uninvited Guest,Receive rewards after clearing [{Param}] {IntParam} times,Abnormal Rift: Uninvited Guest
1000116,Uninvited Guest,Receive rewards after clearing [{Param}] {IntParam} times,Abnormal Rift: Uninvited Guest
1000117,Uninvited Guest,Receive rewards after clearing [{Param}] {IntParam} times,Abnormal Rift: Uninvited Guest
1000118,Uninvited Guest,Receive rewards after clearing [{Param}] {IntParam} times,Abnormal Rift: Uninvited Guest
1000119,Aburu Vending Machine,Use Aburu Vending Machine {RequiredStackCount} times,
1000120,Aburu Vending Machine,Use Aburu Vending Machine {RequiredStackCount} times,
1000121,Aburu Vending Machine,Use Aburu Vending Machine {RequiredStackCount} times,
1000122,Aburu Vending Machine,Use Aburu Vending Machine {RequiredStackCount} times,
1000123,Aburu Vending Machine,Use Aburu Vending Machine {RequiredStackCount} times,
1000124,Aburu Vending Machine,Use Aburu Vending Machine {RequiredStackCount} times,
2002001,Use Summon Shop,Summon Costumes or Phantom Weapons from the Summon Shop {RequiredStackCount} times,
2002002,Use Summon Shop,Summon Costumes or Phantom Weapons from the Summon Shop {RequiredStackCount} times,
2002003,Use Summon Shop,Summon Costumes or Phantom Weapons from the Summon Shop {RequiredStackCount} times,
2002004,Use Summon Shop,Summon Costumes or Phantom Weapons from the Summon Shop {RequiredStackCount} times,
2002005,Use Summon Shop,Summon Costumes or Phantom Weapons from the Summon Shop {RequiredStackCount} times,
2002006,Use Summon Shop,Summon Costumes or Phantom Weapons from the Summon Shop {RequiredStackCount} times,
2002007,Use Summon Shop,Summon Costumes or Phantom Weapons from the Summon Shop {RequiredStackCount} times,
2002008,Use Summon Shop,Summon Costumes or Phantom Weapons from the Summon Shop {RequiredStackCount} times,
2002009,Use Summon Shop,Summon Costumes or Phantom Weapons from the Summon Shop {RequiredStackCount} times,
2002010,Use Summon Shop,Summon Costumes or Phantom Weapons from the Summon Shop {RequiredStackCount} times,
2002011,Use Summon Shop,Summon Costumes or Phantom Weapons from the Summon Shop {RequiredStackCount} times,
2002012,Use Summon Shop,Summon Costumes or Phantom Weapons from the Summon Shop {RequiredStackCount} times,
2002013,Use Summon Shop,Summon Costumes or Phantom Weapons from the Summon Shop {RequiredStackCount} times,
2002014,Use Summon Shop,Summon Costumes or Phantom Weapons from the Summon Shop {RequiredStackCount} times,
2002015,Use Summon Shop,Summon Costumes or Phantom Weapons from the Summon Shop {RequiredStackCount} times,
2002016,Use Summon Shop,Summon Costumes or Phantom Weapons from the Summon Shop {RequiredStackCount} times,
2002017,Use Summon Shop,Summon Costumes or Phantom Weapons from the Summon Shop {RequiredStackCount} times,
2002018,Use Summon Shop,Summon Costumes or Phantom Weapons from the Summon Shop {RequiredStackCount} times,
2002019,Use Summon Shop,Summon Costumes or Phantom Weapons from the Summon Shop {RequiredStackCount} times,
2002020,Use Summon Shop,Summon Costumes or Phantom Weapons from the Summon Shop {RequiredStackCount} times,
2002021,Use Summon Shop,Summon Costumes or Phantom Weapons from the Summon Shop {RequiredStackCount} times,
2002022,Use Summon Shop,Summon Costumes or Phantom Weapons from the Summon Shop {RequiredStackCount} times,
2002023,Use Summon Shop,Summon Costumes or Phantom Weapons from the Summon Shop {RequiredStackCount} times,
2002024,Use Summon Shop,Summon Costumes or Phantom Weapons from the Summon Shop {RequiredStackCount} times,
2002025,Use Summon Shop,Summon Costumes or Phantom Weapons from the Summon Shop {RequiredStackCount} times,
2002026,Use Summon Shop,Summon Costumes or Phantom Weapons from the Summon Shop {RequiredStackCount} times,
2002027,Use Summon Shop,Summon Costumes or Phantom Weapons from the Summon Shop {RequiredStackCount} times,
2002028,Use Summon Shop,Summon Costumes or Phantom Weapons from the Summon Shop {RequiredStackCount} times,
2002029,Use Summon Shop,Summon Costumes or Phantom Weapons from the Summon Shop {RequiredStackCount} times,
2002030,Use Summon Shop,Summon Costumes or Phantom Weapons from the Summon Shop {RequiredStackCount} times,
2002031,Use Summon Shop,Summon Costumes or Phantom Weapons from the Summon Shop {RequiredStackCount} times,
2002032,Use Summon Shop,Summon Costumes or Phantom Weapons from the Summon Shop {RequiredStackCount} times,
2002033,Use Summon Shop,Summon Costumes or Phantom Weapons from the Summon Shop {RequiredStackCount} times,
2002034,Use Summon Shop,Summon Costumes or Phantom Weapons from the Summon Shop {RequiredStackCount} times,
2002035,Use Summon Shop,Summon Costumes or Phantom Weapons from the Summon Shop {RequiredStackCount} times,
2002036,Use Summon Shop,Summon Costumes or Phantom Weapons from the Summon Shop {RequiredStackCount} times,
1000201,Derrote monstros,Defeat {RequiredStackCount} Monsters,
1000202,Craft Weapon Enhancement Stone,Craft Weapon Enhancement Stones {RequiredStackCount} times,
1000203,Craft Armor Enhancement Stone,Craft Armor Enhancement Stones {RequiredStackCount} times,
1000204,Craft Accessory Enhancement Stone,Craft Accessory Enhancement Stone {RequiredStackCount} times,
1000205,Daily Commission,Complete Daily Commission at the Commission House {RequiredStackCount} times,
1000206,Spend Gold,Spend {RequiredStackCount}Gold,
1000214,Snow Goblin Commotion,Collect {RequiredStackCount} Snowflakes in the Snow Goblin Commotion,
1000215,Snow Goblin Commotion,Collect {RequiredStackCount} Snowflakes in the Snow Goblin Commotion,
1000216,Snow Goblin Commotion,Collect {RequiredStackCount} Snowflakes in the Snow Goblin Commotion,
1000217,Snow Goblin Commotion,Collect {RequiredStackCount} Snowflakes in the Snow Goblin Commotion,
1000218,Snow Goblin Commotion,Collect {RequiredStackCount} Snowflakes in the Snow Goblin Commotion,
10003001,Monster Hunter,Defeat {RequiredStackCount} Monsters,
1000302,Craft Weapon Enhancement Stone,Craft Weapon Enhancement Stones {RequiredStackCount} times,
1000303,Craft Armor Enhancement Stone,Craft Armor Enhancement Stones {RequiredStackCount} times,
1000304,Craft Accessory Enhancement Stone,Craft Accessory Enhancement Stone {RequiredStackCount} times,
1000305,Daily Commission,Complete Daily Commission at the Commission House {RequiredStackCount} times,
1000306,Spend Gold,Spend {RequiredStackCount}Gold,
1000307,Attack Incursion,Clear Attack Incursion {RequiredStackCount} time(s),
1000313,Attack Incursion,Clear Attack Incursion {RequiredStackCount} time(s),
1000314,Attack Incursion,Clear Attack Incursion {RequiredStackCount} time(s),
1000315,Attack Incursion,Clear Attack Incursion {RequiredStackCount} time(s),
1000316,Attack Incursion,Clear Attack Incursion {RequiredStackCount} time(s),
1000317,Attack on Titan Vending Machine,Use Attack on Titan Vending Machine {RequiredStackCount} time(s),
1000318,Attack on Titan Vending Machine,Use Attack on Titan Vending Machine {RequiredStackCount} time(s),
1000319,Attack on Titan Vending Machine,Use Attack on Titan Vending Machine {RequiredStackCount} time(s),
1000320,Beast Giant,Participate in Beast Giant {RequiredStackCount} time(s),
1000321,Beast Giant,Participate in Beast Giant {RequiredStackCount} time(s),
1000322,Beast Giant,Participate in Beast Giant {RequiredStackCount} time(s),
1000323,Beast Giant,Participate in Beast Giant {RequiredStackCount} time(s),
1000324,Beast Giant,Participate in Beast Giant {RequiredStackCount} time(s),
1000401,Monster Hunter,Defeat {RequiredStackCount} Monsters,
1000402,Craft Weapon Enhancement Stone,Craft Weapon Enhancement Stones {RequiredStackCount} times,
1000403,Craft Armor Enhancement Stone,Craft Armor Enhancement Stones {RequiredStackCount} times,
1000404,Craft Accessory Enhancement Stone,Craft Accessory Enhancement Stone {RequiredStackCount} times,
1000405,Daily Commission,Complete Daily Commission at the Commission House {RequiredStackCount} times,
1000406,Spend Gold,Spend {RequiredStackCount}Gold,
1000414,Uninvited Guest,Receive rewards after clearing [{Param}] {IntParam} times,Abnormal Rift: Uninvited Guest
1000415,Uninvited Guest,Receive rewards after clearing [{Param}] {IntParam} times,Abnormal Rift: Uninvited Guest
1000416,Uninvited Guest,Receive rewards after clearing [{Param}] {IntParam} times,Abnormal Rift: Uninvited Guest
1000417,Uninvited Guest,Receive rewards after clearing [{Param}] {IntParam} times,Abnormal Rift: Uninvited Guest
1000418,Uninvited Guest,Receive rewards after clearing [{Param}] {IntParam} times,Abnormal Rift: Uninvited Guest
1000419,Aburu Vending Machine,Use Aburu Vending Machine {RequiredStackCount} times,
1000420,Aburu Vending Machine,Use Aburu Vending Machine {RequiredStackCount} times,
1000421,Aburu Vending Machine,Use Aburu Vending Machine {RequiredStackCount} times,
1000422,Aburu Vending Machine,Use Aburu Vending Machine {RequiredStackCount} times,
1000423,Aburu Vending Machine,Use Aburu Vending Machine {RequiredStackCount} times,
1000424,Aburu Vending Machine,Use Aburu Vending Machine {RequiredStackCount} times,
