Id,TabName
101,Quadro de Presença de 7 Dias
102,Evento de participação de 14 dias
103,Celebração de lançamento do arquiteto! Evento especial de participação de 14 dias
104,Primeiro Evento de Participação Monolith War
105,Aburu's Bounty Festival 14 dias Participação Evento
106,Evento de participação para aventureiros que retornam!
107,Passos do aventureiro
201,Quadro de presença de 28 dias
202,Primeiro Passo do Aventureiro! Quadro de Presença
108,Corredor Perpétuo! Atualização Celebração Evento de participação de 14 dias
109,Celebração da Black Friday Evento de participação de 14 dias
110,Evento de participação de inverno de 14 dias!
111,Evento de participação de 14 dias de fim de ano e ano novo
112,Participação de 14 dias do aventureiro
113,100 dias de celebração Evento de participação na véspera
114,Evento de participação especial de aniversário de 100 dias
115,Evento de participação no Ano Novo Lunar
116,Class Care Celebration Check-In
117,High Pass Celebration Check-In Event
118,Evento de participação para aventureiros que retornam!
119,Quadro de check-in de 7 dias do Dia da Mentira
120,Evento de check-in de meio aniversário
121,Evento especial de check-in de aniversário de 200 dias
122,Quadro de check-in de contagem regressiva de colaboração
123,Celebração CBT: Check-in de 7 dias
124,Evento de participação para aventureiros que retornam!
125,Primeiro Passo do Aventureiro! Quadro de Presença
126,Quadro de check-in de 14 dias do Regimento Scout
127,Evento especial de check-in de Evrin
128,Evento de check-in de suporte ao campo de batalha
129,SUMMER 14-Day Check-In Board
130,Evento de participação para aventureiros que retornam!
131,Primeiro Passo do Aventureiro! Quadro de Presença
132,Grande Incursão Check-in de 14 dias
133,Evento especial de check-in de aniversário de 300 dias
134,Abyss Battlefield Quadro de check-in de 14 dias de ajuda
135,Evento de check-in de lançamento do servidor global
601,Evento de missão de etapa 1
701,Evento de missão de etapa 2
1001,Missão Única
1002,Multi missão
1003,Jornada de Aventureiro: Parte 1
1004,Jornada de Aventureiro: Parte 2
1005,Jornada de Aventureiro: Parte 3
1006,Jornada de Aventureiro: Parte 4
1010,Vamos melhorar! Campanha
3001,Teste de Missão Diária
1011,Pedido Especial de Naruru
1012,Caminho do Herói: Crônicas do Sucessor
1013,Monica! Pesquisa Animamateria de
1014,Xeros’ Supressão de incursão
1015,Evrin!
1016,Solicitação de Exploração de Orika
1017,A Jornada do Pioneiro às Terras Abandonadas
1018,Blacksmith Torcida de aprimoramento!
1019,Monte! Guardiões da Fenda
1020,Jornada do Aventureiro
1021,Procure por restos da civilização perdida!
1022,Evento Mestre de Criação
1023,Empurre seus limites! Conquista Perpétua do Corredor
1024,Comissão concluída!
1025,Fenda desconhecida detectada!
1026,Círculo de Equipamentos de Thorstein
1027,Rada!
1028,Warrior endurecido pela batalha
1029,Angbar Arena Evento de desafio
1030,Arbiter’s Ordeal Suporte
1031,Prepare-se para Abyss Battlefield!
1032,Halo Wish
1033,Missão de contagem regressiva de Ano Novo
1034,Empurre seus limites! Conquista Perpétua do Corredor
1035,Evento de Oração de Sucesso UlTaimate
1036,Prova de Aventureiro!
1037,Prepare-se para a temporada regular!
1038,Junte-se ao Tesseract Batalha
1039,Reunião do Clã
1040,Missão especial de aniversário de 100 dias
1041,Monica! Pesquisa Animamateria de
1042,Ordem de Assentamento: Terras Abandonadas
1043,Empurre seus limites! Conquista Perpétua do Corredor
1044,Cooperativa de Ano Novo
1045,Atualização de ressonância
1046,Desafio de Criação de Equipamento
1047,Arbiter’s Ordeal Suporte
1048,Missão de celebração de cuidados de classe
1049,All-Out chefe Raid
1050,Evento de Apoio ao Crescimento da Primavera
1051,Celebração High Pass Evento de Missão Especial
1052,High Pass Evento de Missão de Amigo
1053,Evento de missão de detritos abissais
1054,Evento de suporte para aumento de crescimento
1055,Evento de missão de amizade
1056,Rift Conquest Mission Event
1057,Evento de suporte de upgrade avançado
1058,Operação: Proteja a Terra Abandonada!
1059,Evento de crescimento de sintonização
1060,Evento de missão de unidade do clã
1061,Operação de varredura de incursão!
1062,Evento de missão de conquista de chefe
1063,Ressonância Evento de missão de reforço
1064,Evento de missão de véspera de aniversário de 200 dias
1065,Desbloquear missão especial de baú de aniversário de 200 dias!
1066,Missão especial de aniversário de 200 dias
1067,Missão de Raid Kuvaba!
1068,Ordem especial do campo de batalha abissal
1069,Missões de Conquista de Chefe de Rift!
1070,Evento de missão de ataque ao chefe
1071,Missões de avanço do corredor perpétuo!
1072,Missões especiais do sucessor!
1073,Evento exclusivo de subida de nível CBT
1074,Exclusivo CBT: Suporte Diamante
1075,Missões de suporte de cupom de convocação
1076,Evento de Suporte Especial de Criação de Equipamento
1077,Forsaken Land Scavenger
1078,Operação de Recaptura Final da Terra Abandonada
1079,Evento de missão de detritos abissais
1080,Missão de Expurgo do Monstro da Terra Abandonada!
1081,Tirsak Missão de Raid
1082,
1083,Missão de Purga do Monstro da Torre de Giant!
1084,Atividade do Clã Missão Evento
1085,Comissão Especial de Blacksmith
1086,Abyss Battlefield Evento de missão cooperativa
1087,Arena Mission Event
1088,Pedidos especiais de Azran
1089,Missões de avanço do corredor perpétuo!
1090,Evento de atualização de ascensão de traje e arma fantasma
1091,Evento de suporte de atualização de ressonância
1092,Missão de abertura do baú da relíquia do abismo
1093,Missão Especial de Blacksmith!
1094,Hall of Proof Evento de missão
1095,Decoração Missão Evento
1096,Ragnar!
1097,Abyss Battlefield Evento de missão cooperativa
1098,OOPArt Evento de missão especial
1099,Missão de Raid Kuvaba!
1100,Missões de avanço do corredor perpétuo!
1101,Evento de Missão de Conquista de Chefe de Campo
1102,Festival da Colheita Especial: Beretta Pedido Especial de
1103,Evento de aumento de nível de Rada
1104,Monte! Guardiões da Fenda
1105,Blacksmith Alegria de aprimoramento de equipamento!
1106,Abyss Battlefield Evento de missão cooperativa
2200,Evento de Conquista de Nível
2003,Vagão dourado Rappie!
2004,Vagão dourado Rappie!
2005,Vagão dourado Rappie!
2006,Loja de ouro de 100 dias de aniversário
2007,Loja de ouro de 100 dias de aniversário
2008,Loja de ouro de 100 dias de aniversário
2009,Loja de Ouro Especial de Aman
2010,Loja de Ouro Especial de Aman
2011,Loja de Ouro Especial de Aman
2012,Loja de Ouro Especial de Aman
2013,Loja de ouro de aniversário de 300 dias
2014,Loja de ouro de aniversário de 300 dias
2015,Loja de ouro de aniversário de 300 dias
6001,Evento de queda
6002,Véspera do Festival Aburu! Drops
6003,Restos de uma civilização esquecida! Evento de queda
6004,Inverno nas Terras Abandonadas! Soltar Evento
6005,100 dias: Barreira do desconhecido
6006,Festival de Dados da Primavera! Drop
6007,Queda de detritos abissais
6008,Queda de token do Dia da Mentira
6009,Aniversário de 200 Dias: Barreira do Desconhecido
6010,Aniversário de 200 Dias: Grande Incursão
6011,Caixa misteriosa agora disponível!
6012,Queda de detritos abissais
6013,Festival de Dados de Verão Drop
6014,Evento de Moeda de Aniversário de 300 Dias
6015,Evento de baú de relíquia do abismo
6016,Festival de Dados de Outono Drop
6017,Treasure Hunt de Naruru Ticket Drops
2002,Troca de Evento
7001,Loja de troca de Naruru
7002,Troca de Restos da Incursão
7003,Loja de troca para iniciantes de Rada
7004,Loja de troca intermediária de Rada
7005,Loja de troca de contagem regressiva de ano novo!
7006,Troca de token de aniversário de 100 dias
7007,Troca de Restos da Incursão
7008,Evento de troca de detritos do abismo
7009,Troca de token do Dia da Mentira
7010,Troca de Caixa Misteriosa!
7011,CBT Celebration Exchange Shop
7012,Evento de troca de detritos do abismo
9999,Teste de evento de classificação
3000,Classificação de uso de Anima
3100,Evento de classificação de aprimoramento de equipamentos
3200,Classificação do Incursion Chaser
3300,Classificação de uso de Anima
4002,Véspera do Festival Aburu!
4003,Inverno na Terra Abandonada!
4004,Festival de Dados da Primavera!
4005,Festival de Dados de Verão
4006,Festival de Dados de Outono
5010,Desafio de Avanço de 2ª Classe
5030,Architect Essentials
5031,Anomalia de incursão
5032,Monolith War Evento de vitória/participação
5033,Evento pontual de preparação para o festival
5034,Celebração do arquiteto nº 1
5035,Evento especial de aniversário de 30 dias do Sr. Kim
90001,Ragnar Lançamento Hot Time
5037,Abyss Battlefield Suporte de combate
5038,Giant Bônus da Torre Hot Time
5039,Alerta de incursão!
5040,Demonstração da comunidade de novas fantasias
5041,Primeira Morte: Kagaltus de Abyss Battlefield
5042,Especial de aniversário de 100 dias: pesquisa limitada
5043,Novo chefe: primeira conquista
5044,Evento de animação da Grande Incursão de Ano Novo
5045,Primeiro Concurso de Sentinela: Clã Vencedor
5046,Conquista da Fortaleza: Primeira Vitória
5047,Anomalia de incursão
5049,Bilhete de Recuperação Evento de Receita Especial de Artesanato
5050,Competição de Expedição de Clã
5051,Desafio de Expedição de Clã
5052,Abyss Battlefield Evento de cuidado especial
5053,Workshop de moedas de aniversário de 200 dias
5055,Pesquisa Especial de Aniversário de 200 Dias
5056,Ataque em Titan Colaboração
5057,Angbar Arena Competição de clã
5058,Abyss Battlefield Evento de cuidado especial
5059,Workshop de Moeda de Aniversário de 300 Dias
5060,Pesquisa especial de aniversário de 300 dias
5061,Evento de pesquisa de aniversário de 300 dias
5062,Aviso de resumo de evento especial
5064,Evento de solidariedade do clã
10000,[Test] Aumento de queda de itens de todos os reinos
10001,[Test] Pulsing Ridge Aumento de item
10002,[Test] Advento da Era de Ouro
10003,[Test] Dourado Scything Barrens
10004,[Test] Aumento de atualização de todos os reinos
10005,[Test] Bônus de atualização de jardim de Giant
10006,[Test] Glória do Clã
10007,[Test] Recompensa do companheiro Soldier
10008,[Test] Giant's Tower Hot Time
10009,[Test] Giant's Tower Reward Festival
10010,[Test] Tempo off-line
9900,Teste de evento de missão de classificação
9901,Teste de evento de missão de classificação2
9902,Teste de evento de missão de classificação3
9903,Conquiste o Abyss Battlefield
9904,Abyss Battlefield Evento de conquista
9905,Evento de classificação de subjugação no campo de batalha
4001,Teste de evento de missão semanal
5001,Conclua o teste de evento de missão do tipo recompensa
99999,Teste de Evento de Dados 1
8000,Teste de evento multi-buff
8001,Teste de Evento de Buff Único
8002,Bênção nas Terras Abandonadas
8003,Preparação do Aventureiro
8004,Buff da Grande Incursão
8005,Evento Bênção do Campo de Batalha
8006,Agarash Buff de Raid O evento
8007,Evento de Buff de Ataque
8008,Bênção de Saikarad!
8100,Teste de Evento de Contagem Cumulativa de Missão Única
8200,Teste de evento de roleta
8204,Roleta Especial de Naruru!
8205,Roleta de Natal e Feliz Ano Novo
8206,Roleta de reforço de atualização de primavera
8207,Evento de roleta de aniversário de 200 dias
8208,Roleta de reforço de atualização de verão
12000,Evento Cooperativo do Chronicle do Servidor
12001,Chronicle do Servidor: Primeiro Evento
12002,Cooperativo do Servidor Chronicles
12003,Servidor First Chronicles
10550,Evento de convite de amigo
13000,Personal Lucky Chest
13001,Baú da sorte do servidor
14000,Treasure Hunt
14001,Descubra o tesouro oculto de Naruru!
15000,Prova do Destino
16000,Evento Sprint
