Id,Text
90001,"Devemos eliminar os monstros primeiro. (Depressa, vá para um lugar seguro!)"
90002,"Devemos eliminar os monstros primeiro. (Depressa, vá para um lugar seguro!)"
90003,"Devemos eliminar os monstros primeiro. (Depressa, vá para um lugar seguro!)"
90004,"Devemos eliminar os monstros primeiro. (Depressa, vá para um lugar seguro!)"
90005,"Devemos eliminar os monstros primeiro. (Depressa, vá para um lugar seguro!)"
100101,"Hora de continuar com isso, desta vez sozinho."
100102,"Hora de continuar com isso, desta vez sozinho."
100103,"Hora de continuar com isso, desta vez sozinho."
100104,"Hora de continuar com isso, desta vez sozinho."
100105,"Hora de continuar com isso, desta vez sozinho."
10000101,"Hora de continuar, desta vez sozinho.
Vamos verificar o mapa para saber o local exato."
10000201,"É hora de continuar, desta vez sozinho.
Vamos comprar uma Poção de Rejuvenescimento na loja."
10000301,Vamos comprar orvalho coletado das folhas no armazém geral.
10000401,Por precaução… Melhor comprar Fruta Flor da Neve também.
10000501,"Misturar ingredientes saborosos pode torná-lo ainda melhor. 
É melhor comprar também a bebida agridoce do deserto."
10000601,Vamos comprar o Ultimate Baba Liquor no General Store.
10000701,É hora de continuar com isso. Vamos comprar a Bolsa de Sobrevivência para Iniciantes na Loja Geral.
10000801,"É hora de continuar, desta vez sozinho.
Vamos comprar 10 Poções Menores de HP."
10000901,"É hora de continuar, desta vez sozinho.
Vamos descer para baixo da rocha."
10001001,"É hora de continuar, desta vez sozinho.
Vamos subir na rocha e nos esconder."
10001101,"É hora de continuar, desta vez sozinho.
Vamos seguir Rada e voar para a Incursão."
10001201,"É hora de continuar, desta vez sozinho.
Vamos procurar a Torre de Giant no Menu Principal."
10001301,"É hora de continuar, desta vez sozinho.
Vamos encontrar o gerente no lobby da torre do Giant."
10001401,É este edifício? Melhor cabeça erguida.
10001501,"Melhor pesquisar minuciosamente agora.
Vamos subir para o telhado."
10001601,"Melhor fazer isso sozinho desta vez.
Vamos subir no prédio próximo."
10001701,"É hora de continuar, desta vez sozinho.
Vamos descer o prédio."
10001801,"Tem uma criança.
Vamos conversar com a criança gentilmente."
10001901,"Acho que posso aproveitar a corrente ascendente para subir.
Então vamos coletar luz enquanto voamos."
10002001,Vamos passar pelo ponto alvo enquanto voamos.
10002101,"É hora de continuar com isso sozinho, novamente.
Vamos voar com a corrente ascendente e, em seguida, coletar luz."
10002201,"É hora de continuar, desta vez sozinho.
Vamos registrar a Warp Anchor."
10002301,"Hora de continuar, desta vez sozinho.
Vamos nos apressar para o waypoint."
10002401,"É hora de continuar, desta vez sozinho.
Vamos verificar o mapa do Ethereal Sanctum."
10002501,"É hora de continuar, desta vez sozinho.
Vamos verificar o mapa para Trial Gate."
10002601,"Hora de continuar com isso, desta vez sozinho."
10002701,"É hora de continuar, desta vez sozinho.
Vamos subir para um lugar mais alto."
10002801,"É hora de continuar, desta vez sozinho.
Vamos voar para o outro lado."
10002901,"É hora de continuar, desta vez sozinho.
Vamos para Azid no armazenamento de madeira."
10003001,"É hora de continuar, desta vez sozinho.
Vamos voar para onde Azid pousou."
10003101,Vamos comprar qualquer coisa do General Merchant.
10003301,Vamos comprar o Elixir de Ataque I do General Merchant.
10003401,"Um pode não ser suficiente.
Que tal comprar Memorite também?"
10003601,"Vamos subir
e colocar o golem caçado lá."
10003701,Vamos subir o prédio do outro lado e apreciar a vista da vila.
10003801,Parece que alguém está no prédio. O que está acontecendo?
10003901,"Há outro Naruru abaixo.
Vamos conversar com eles para chamar sua atenção."
10004001,Vamos falar com Enju no prédio novamente.
10004101,"O teste que Naruru mencionou foi ‘Ethereal Sanctum’. 
Vamos passar no teste sem ajuda."
10004201,"É hora de continuar, desta vez sozinho.
Verifique a localização no mapa e sobrevoe usando o Planador."
10004301,Colete brilhante minério na ilha.
10004401,"É hora de continuar com isso sozinho, novamente.
Vamos descer até o fundo da cachoeira."
10004501,"Encontrou a entrada para Ethereal Sanctum.
Vamos nos aproximar e ativá-lo."
10004601,"É hora de continuar, desta vez sozinho.
Vamos atravessar o rio a nado."
10004701,"É hora de continuar, desta vez sozinho.
Vamos atravessar o rio a nado."
10004801,"Zuabu avistado ali.
Vamos até a costa."
10004901,Vamos falar com Zuabu novamente.
10005001,Vamos falar com Zuabu novamente.
10005101,Vamos jogar a armadilha para peixes de Zuabu na água.
10005201,"A pesca é uma batalha contra o tempo.
Vamos esperar pacientemente como Zuabu."
10005301,"Agora vamos recuperar a armadilha para peixes.
Ela pode estar carregada com peixes."
10005401,Vamos falar com Zuabu novamente.
10005501,Vamos falar com Zuabu novamente.
10005601,"É hora de continuar, desta vez sozinho.
Vamos voltar para o outro lado."
10005701,"É hora de seguir em frente, desta vez sozinho.
Vamos subir a colina e encontrar um caminho."
10005801,Vamos levar a ponte até a frente da árvore.
10005901,Vamos para a Cradle Tree do outro lado.
10006001,"Chegue ao topo da Árvore Berço.
Vamos coletar seiva."
10006101,"É hora de continuar, desta vez sozinho.
Vamos subir a parede."
10006201,Vamos colher flores na colina.
10006301,
10006401,"Hora de continuar, desta vez sozinho.
Vamos subir ao longo do penhasco."
10006501,"Vamos aguentar um pouco mais.
Como é para novatos, o cume deve estar próximo."
10006601,Vamos falar com o Guia Quentin no meio do caminho até o penhasco.
10006701,Vamos falar com o Guia Quentin no meio do caminho até o penhasco.
10006801,Mais da metade do caminho. Vamos continuar subindo.
10006901,Vamos aproveitar a corrente ascendente ou subir.
10007001,Vamos continuar subindo o penhasco.
10007101,"O cume está logo ali!
Vamos avançar até o fim."
10007201,"Precisamos encontrar o telescópio.
Vamos seguir até a beira do penhasco."
10007301,Vamos aproveitar a vista usando o telescópio.
10007401,"A escalada violenta do penhasco finalmente terminou.
Vamos falar com Quentin."
10007501,"A escalada violenta do penhasco finalmente terminou.
Vamos falar com Quentin."
10007601,"É hora de continuar, desta vez sozinho.
Vamos subir a colina atrás de Thierry."
10007701,Vamos subir um pouco mais esta colina.
10007801,"É hora de continuar com isso sozinho, novamente.
Um pouco íngreme, mas vamos subir novamente."
10007901,Vamos falar com Thierry na colina.
10008001,Vamos falar com Thierry na colina.
10008101,Vamos colocar a caixa de suprimentos na borda da colina.
10008201,Deve percorrer a corrente ascendente ou subir.
10008301,Vamos falar com Sophie na estrutura.
10008401,Vamos falar com Sophie na estrutura.
10008501,Vamos para um bom local de decolagem.
10008601,Vamos para um bom local de decolagem.
10008701,"Precisamos seguir Sophie para o outro lado.
Vamos usar o planador."
10008801,Vamos falar com Sophie na beira da colina.
10008901,Vamos falar com Sophie na beira da colina.
10009001,"Precisamos assistir ao confronto entre os dois.
Vamos para um bom lugar."
10009101,Vamos sinalizar que a preparação foi concluída.
10009201,Vamos sinalizar que a preparação foi concluída.
10009301,"Vamos para o final da ponte
e verifique a situação."
10009401,"Vamos para o final da ponte
e verifique a situação."
10009501,"Um farol está instalado na colina.
Vamos subir com cuidado."
10009601,"Necessidade de recuperar os explosivos perto do farol.
Vamos lidar com isso com cuidado."
10009701,"Um farol está instalado na colina.
Vamos subir com cuidado."
10009801,"É necessário remover materiais estranhos ao redor do farol.
Tomemos cuidado para não tocar no farol."
10009901,"Antes de investigar as ruínas,
vamos completar o Estágio 1 do Guia."
10010001,"Antes de ir para o Esconderijo do Clã Polaris,
vamos completar o Estágio 2 do Guia."
10010101,"É hora de continuar, desta vez sozinho.
Vamos comprar um livro de habilidades do Skillbook Merchant."
10010201,"É hora de continuar, desta vez sozinho.
Vamos voar e procurar o relatório."
10010301,Vamos subir o penhasco e procurar outro relatório.
10010401,"Há uma corrente ascendente atrás da rocha.
Vamos aproveitar isso para subir mais alto."
10010501,"Seria fácil localizar a partir de um ponto mais alto.
Vamos aproveitar a corrente ascendente."
10010601,"Um relatório está no terreno.
Vamos recuperá-lo."
10010701,"Encontrou todos os relatórios.
Vamos voltar para Baran usando o Planador."
10010801,"É hora de continuar, desta vez sozinho.
Vamos subir a colina e verificar a situação."
10010901,"Hora de continuar, desta vez sozinho.
Vamos para Beretta na colina."
10011001,"Preciso voltar antes que a bebida esquente.
Vamos subir a colina novamente."
10011101,"É hora de continuar, desta vez sozinho.
Vamos procurar águas agitadas nos arredores da cervejaria."
10011201,"É hora de continuar, desta vez sozinho.
Vamos encontrar o Santuário Etéreo no penhasco."
10011301,Vamos entrar no Santuário Etéreo e resolver o enigma.
10011401,"É hora de continuar, desta vez sozinho.
Vamos levantar e verificar o outro lado."
10011501,"Melhor voltar para Beretta.
Vamos descer a parede com cuidado."
10011601,"Hora de continuar, desta vez sozinho.
Vamos subir a colina na entrada de Hesperia."
10011701,Vamos subir o penhasco com cuidado.
10011801,Vamos encontrar um local com vista para toda a vila.
10011901,"Este local tem uma visão desobstruída.
Vamos dar uma olhada ao redor."
10012001,A pessoa Azran mencionada não está em lugar nenhum…
10012101,"Parece que alguém está atrás de você.
Vamos encontrar a voz e conversar com essa pessoa."
10012201,"É hora de continuar, desta vez sozinho.
Vamos até onde a madeira está empilhada."
10012301,"Você vê o diário que Lamine mencionou.
Vamos embolsar isso."
10012401,"Hmm, o diário de alguém…
Que tal dar uma olhada rápida para ver se pertence a Lamine…?"
10012501,"É hora de continuar, desta vez sozinho.
Vamos para o canteiro de obras."
10012601,"Esse poderia ser o aliado de Azran?
Vamos conversar com a pessoa à frente."
10012701,"Hora de continuar, desta vez sozinho.
Vamos subir ao longo do penhasco."
10012801,"Agora que os aglomerados de luz foram coletados, vamos voltar para baixo da árvore."
10012901,"É hora de continuar, desta vez sozinho.
Vamos subir o penhasco aproveitando a corrente ascendente."
10013001,Vamos colocar o artefato bem na beira do penhasco.
10013101,"Hora de continuar, desta vez sozinho.
Vamos voar usando o Planador."
10013201,"Quase lá.
Vamos atravessar as pedras."
10013301,Vamos voltar para a beira do penhasco e fincar a bandeira.
10013401,"Hora de continuar, desta vez sozinho.
Vamos subir ao longo do penhasco."
10013501,"Deve ser alto o suficiente para espalhar o veneno.
Vamos até a beira do penhasco e seguir o plano."
10013601,"Avistei uma pedra em uma boa altura.
Vamos levantar a cabeça e espalhar o veneno sozinho."
10013701,
10013801,"Melhor pesquisar com atenção agora.
Vamos subir as antigas ruínas."
10013901,"Que tal pesquisar o outro lado da mesma maneira…?
Vamos escalar a parede ou usar o Planador."
10014001,"Parecia que Amelie estava naquele telhado ali.
Vamos dizer a ela que encontrei todas as moedas de ouro."
10014101,Vamos subir no prédio.
10014201,Deve estar muito quente.
10014301,Não é suficiente com apenas uma execução. Melhor voltar na próxima vez.
10014401,"Parece que algo está me puxando das profundezas.
Vamos seguir em frente por enquanto."
10014402,"Aquela estátua… parece familiar.
Vamos nos aproximar."
10014501,Deve haver um caminho após virar à esquerda.
10014601,"Melhor passar para o outro lado.
Vamos ter cuidado para não cair."
10014701,Quase lá…
10014801,"É hora de continuar, desta vez sozinho.
Vamos subir a escada."
10014901,Vamos usar o Planador para nos transportar.
10015001,Vamos dançar na frente de Ulf.
10015101,Vamos dançar na frente da árvore.
10015201,Vamos dançar na frente da escada.
10015301,Vamos dançar na frente da tenda.
10015401,"É hora de continuar, desta vez sozinho.
Vamos começar quando a Incursão começar."
10015501,"É hora de continuar, desta vez sozinho.
Vamos voar para os campos de caça."
10015601,Vamos subir nas ruínas e coletar fragmentos de fator.
10015701,Vamos subir nas ruínas e operar a Semente de Réplica.
10015801,"Parece que Nicola estava aqui.
Preciso subir."
10015901,Vamos descer e encontrar o Naruru.
10016001,Vamos subir no pilar e pegar a lâmpada em forma de chifre.
10016101,Vamos escalar o prédio e coletar Aether.
10016201,Vamos subir e coletar Aether.
10016301,Enfrente a Prova de Combate.
10016401,Saia da Prova de Combate.
10016501,Entre na Incursão.
20010101,"É hora de continuar, desta vez sozinho.
Vamos seguir o guia passo a passo."
