Id,PlaceName,PlaceParam,AreaDesc
9010402,Test Open World Sector,,
9010403,Test Open World Hunting Grounds,,
1,Scything Barrens,,
1001,Babylon,,
1002,Bardad Expedition Garrison,,
1003,Taima Pioneer Village,,
1004,First Step Village,,
1005,Sunshade Encampment,,
1006,Central Detachment Garrison,,
1007,Magobi Encampment,,
1008,Thundercrest,,
1009,Gate of Lament,,
2,Giant's Garden,,
2001,Aburu Village,,
2002,Rappie Ranch,,
2003,Sunset Brewery,,
2004,Ancient Tree Bower,,
2005,Cactus Nest,,
2006,Great Arbor Domain,,
2020,Shadow Wolf Hideout,,"The main base of the Shadow Wolves, now extending its influence into the Giant's Garden."
2021,Paradise Advent Hideout,,"The Paradise Advent Society transformed this abandoned cave into a hidden sanctuary. Here, devotees and prophets gather to exalt their divine doctrines."
2901,Ancient Ruins,,"Here rises a Monolith powerful enough to alter the very foundations of the star’s ecosystem.
The Naruru tribe revere this relic as a sacred gift imbued with the divine blessing of Ea."
3,Pulsing Ridge,,
3001,Hesperia,,
3002,Frantia Gate,,
3003,Rappie Training Ground,,
3004,Great Echo Encampment,,
3005,Reconnaissance Outpost,,
3006,Bardad Expedition Encampment,,
3901,Ancient Ruins,,"Here rises a Monolith powerful enough to alter the very foundations of the star’s ecosystem.
Dreaming of restoring their fallen glory, the Kiguru tribe also constantly covets this sacred relic."
4,Starfall Plateau,,
4001,Verzard Outpost,,
4002,Vagrant's Repose,,
4003,Stormkel Gate,,
4004,Naruru Hot Springs,,
4005,Verzard Secret Outpost,,
4006,Bardad Expedition Encampment,,
4007,Crossroads Shelter,,
4008,Obsidian Encampment,,
4009,Alabaster Encampment,,
4901,Ancient Ruins,,"Here rises a Monolith powerful enough to alter the very foundations of the star’s ecosystem.
The Paradise Advent Society has studied this relic in secret for years, shielding their research from prying eyes."
5,Twisted Elysium,,
5001,Hunter's Village,,
5002,Bardad Expedition Forward Waypoints,,
5004,Northwind Rest Stop,,
5005,Hunter's Border Outpost,,
5006,Bower Shelter,,
5007,Forest Keeper's Encampment,,
1111,Pilgrim's Path,,
1112,Mirage Gorge,,
1113,Gale Ravine,,
1114,Ancient Ruins Diggings,,
1115,Golem's Tomb,,
1116,Predator's Hunting Ground,,
1117,White-Bone Expanse,,
1118,Valley of Beasts,,
1119,Gorge of Perdition,,
1120,Taima Oasis,,
1121,Crimson Shimmer Wastes,,
1122,Whirlwind Gorge,,
1123,Valley of Oblivion,,
1124,Arcal’s Territory,,
1125,Shrieking Vale,,
1126,Whirling Barrows,,
1127,Thunderbird's Nest,,
1128,Red Rock Garden,,
1129,Gate of Lament,,
1130,Red Plains,,
2011,Wide Riverbank,,
2012,Sunrise Slope,,
2013,Tenebrous Hollow,,
2014,Brume-Veiled Meadow,,
2015,Beast Corral,,
2016,Kuduru's Domain,,
2017,Garden of Twilight,,
2018,Woodland of Elder Gods,,
2019,Nameless Heights,,
2031,Forsaken Mine Entrance,,
2032,Forsaken Mine,,
2033,Forsaken Mine Outreaches,,
2034,Ancient Imperial Institute Ruins,,
2035,Hallowed Mana-Sanctum,,
2036,The Savage Ravine,,
2037,Forest of Bellowing Dragons,,
2038,Wyvern’s Nest,,
3111,Halcyon-Hush Woods,,
3112,Hesperia Farm (South),,
3113,Hesperia Farm (North),,
3114,Ember-Choke Grove,,
3115,Borderlands,,
3116,Adamant Ascent,,
3117,War Drum Ridge,,
3118,Ironblood Brigade Hideout,,
3119,Hallowed Obsidian Mountain,,
3120,Whirlwind Heights,,
3121,Thunderfall Falls,,
3122,Waterfall Grotto,,
3123,Thunderfall Ridges,,
3124,Forgotten Ridges,,
3125,Ruins of the Forgotten Kingdom,,
3126,Ruins Outskirts,,
3127,Maelstrom Strand,,
3128,Flay-Stone Reef,,
4011,Hoarfrost Snowfield Entrance,,
4012,Geyser Field,,
4013,Black Pillar Cliffs,,
4014,Gray Forest,,
4015,Astrid Rebel Stronghold,,
4016,Sere-Moss Heights,,
4017,Serpent's Path,,
4018,White Stag's Cradle,,
4019,Hoarfrost Snowfield Crossroads,,
4020,Silver Shadow Temple,,
4021,Black Rock Plateau,,
4022,Giant's Refuge West,,
4023,Giant's Refuge East,,
4024,Frozen Shore,,
4025,Shrill-Whistle Coast,,
4026,Blizzard's Breath Plain,,
4027,Whispering Wind Plain,,
4028,End of the Forsaken Land,,
5111,Dragon's Breath,,
5112,Ascent,,
5113,Tranquil Field,,
5114,Low Wind,,
5115,Demonic Beast's Mane,,
5116,Devouring Cliff,,
5117,Plain of Two Steps,,
5118,Hunter's Platform,,
5119,Dredged Shore,,
5120,Broken Keel,,
5121,Dragon's Maw,,
5122,Vile Dragon's Lair,,
5123,Three-Way Exit,,
5124,Sunrise Shade,,
5125,Twilight Forest,,
5126,Red Veil Valley,,
5127,Encampment Entrance,,
5128,Eye of the Forest,,
5129,Holy Water Springs,,
5130,Explorer's Corridor,,
5131,Bedrock Falls,,
5132,Lake of Spirits,,
5133,Sunlight Rapids,,
5134,Ancient Fall Site,,
5135,Adventurer's Recollection,,
100001,Giant's Tower {PlaceParam}F Waypoint,1,
100002,Giant's Tower {PlaceParam}F Waypoint,2,
100003,Giant's Tower {PlaceParam}F Waypoint,3,
100004,Giant's Tower {PlaceParam}F Waypoint,4,
101101,The Tranquil Garth {PlaceParam},1,
101102,The Tranquil Garth {PlaceParam},2,
101103,The Tranquil Garth {PlaceParam},3,
101104,The Tranquil Garth {PlaceParam},4,
101105,The Tranquil Garth {PlaceParam},5,
101106,The Tranquil Garth {PlaceParam},6,
101201,Bridge of Ordeals {PlaceParam},1,
101202,Bridge of Ordeals {PlaceParam},2,
101203,Bridge of Ordeals {PlaceParam},3,
101204,Bridge of Ordeals {PlaceParam},4,
101205,Bridge of Ordeals {PlaceParam},5,
101301,Banquet Hall of Silence {PlaceParam},1,
101302,Banquet Hall of Silence {PlaceParam},2,
101303,Banquet Hall of Silence {PlaceParam},3,
101304,Banquet Hall of Silence {PlaceParam},4,
101305,Banquet Hall of Silence {PlaceParam},5,
102101,Garden of Beasts {PlaceParam},1,
102102,Garden of Beasts {PlaceParam},2,
102103,Garden of Beasts {PlaceParam},3,
102104,Garden of Beasts {PlaceParam},4,
102105,Garden of Beasts {PlaceParam},5,
102106,Garden of Beasts {PlaceParam},6,
102201,Staircase of Sighs {PlaceParam},1,
102202,Staircase of Sighs {PlaceParam},2,
102203,Staircase of Sighs {PlaceParam},3,
102204,Staircase of Sighs {PlaceParam},4,
102205,Staircase of Sighs {PlaceParam},5,
102301,Judgment Plaza {PlaceParam},1,
102302,Judgment Plaza {PlaceParam},2,
102303,Judgment Plaza {PlaceParam},3,
102304,Judgment Plaza {PlaceParam},4,
102305,Judgment Plaza {PlaceParam},5,
103101,Forest of Torment {PlaceParam},1,
103102,Forest of Torment {PlaceParam},2,
103103,Forest of Torment {PlaceParam},3,
103104,Forest of Torment {PlaceParam},4,
103105,Forest of Torment {PlaceParam},5,
103106,Forest of Torment {PlaceParam},6,
103201,Lost Paradise {PlaceParam},1,
103202,Lost Paradise {PlaceParam},2,
103203,Lost Paradise {PlaceParam},3,
103204,Lost Paradise {PlaceParam},4,
103205,Lost Paradise {PlaceParam},5,
103301,Desolate Sanctum {PlaceParam},1,
103302,Desolate Sanctum {PlaceParam},2,
103303,Desolate Sanctum {PlaceParam},3,
103304,Desolate Sanctum {PlaceParam},4,
103305,Desolate Sanctum {PlaceParam},5,
104101,Void Pond {PlaceParam},1,
104102,Void Pond {PlaceParam},2,
104103,Void Pond {PlaceParam},3,
104104,Void Pond {PlaceParam},4,
104105,Void Pond {PlaceParam},5,
104201,Violet Garden {PlaceParam},1,
104202,Violet Garden {PlaceParam},2,
104203,Violet Garden {PlaceParam},3,
104204,Violet Garden {PlaceParam},4,
104205,Violet Garden {PlaceParam},5,
104301,Sanctuary of the Void {PlaceParam},1,
104302,Sanctuary of the Void {PlaceParam},2,
104303,Sanctuary of the Void {PlaceParam},3,
104304,Sanctuary of the Void {PlaceParam},4,
104305,Sanctuary of the Void {PlaceParam},5,
104306,Sanctuary of the Void {PlaceParam},6,
500201,Redoubt of Valor,,
500202,Redoubt of Resilience,,
500203,Redoubt of Determination,,
5002101,Battlefield of Valor {PlaceParam},1,
5002102,Battlefield of Valor {PlaceParam},2,
5002103,Battlefield of Valor {PlaceParam},3,
5002104,Battlefield of Valor {PlaceParam},4,
5002105,Battlefield of Valor {PlaceParam},5,
5002201,Battlefield of Indomitability {PlaceParam},1,
5002202,Battlefield of Indomitability {PlaceParam},2,
5002203,Battlefield of Indomitability {PlaceParam},3,
5002204,Battlefield of Indomitability {PlaceParam},4,
5002205,Battlefield of Indomitability {PlaceParam},5,
5002301,Battlefield of Determination {PlaceParam},1,
5002302,Battlefield of Determination {PlaceParam},2,
5002303,Battlefield of Determination {PlaceParam},3,
5002304,Battlefield of Determination {PlaceParam},4,
5002305,Battlefield of Determination {PlaceParam},5,
5002401,Battlefield of Wrath {PlaceParam},1,
5002402,Battlefield of Wrath {PlaceParam},2,
5002403,Battlefield of Wrath {PlaceParam},3,
5002404,Battlefield of Wrath {PlaceParam},4,
5002405,Battlefield of Wrath {PlaceParam},5,
5002406,Fortress of Wrath,,
5002501,Battlefield of Fierce Combat {PlaceParam},1,
5002502,Battlefield of Fierce Combat {PlaceParam},2,
5002503,Battlefield of Fierce Combat {PlaceParam},3,
5002504,Battlefield of Fierce Combat {PlaceParam},4,
5002505,Battlefield of Fierce Combat {PlaceParam},5,
5002506,Fortress of Fierce Combat,,
5002601,Battlefield of Tremors {PlaceParam},1,
5002602,Battlefield of Tremors {PlaceParam},2,
5002603,Battlefield of Tremors {PlaceParam},3,
5002604,Battlefield of Tremors {PlaceParam},4,
5002605,Battlefield of Tremors {PlaceParam},5,
5002606,Fortress of Tremors,,
5002701,Battlefield of Ruin {PlaceParam},1,
5002702,Battlefield of Ruin {PlaceParam},2,
5002703,Battlefield of Ruin {PlaceParam},3,
5002704,Battlefield of Ruin {PlaceParam},4,
5002705,Battlefield of Ruin {PlaceParam},5,
5002706,Battlefield of Ruin {PlaceParam},6,
500301,Redoubt of Resolve,,
500302,Redoubt of Invincible,,
500303,Redoubt of Torment,,
5003101,Battlefield of Resolve {PlaceParam},1,
5003102,Battlefield of Resolve {PlaceParam},2,
5003103,Battlefield of Resolve {PlaceParam},3,
5003104,Battlefield of Resolve {PlaceParam},4,
5003105,Battlefield of Resolve {PlaceParam},5,
5003201,Battlefield of Triumph {PlaceParam},1,
5003202,Battlefield of Triumph {PlaceParam},2,
5003203,Battlefield of Triumph {PlaceParam},3,
5003204,Battlefield of Triumph {PlaceParam},4,
5003205,Battlefield of Triumph {PlaceParam},5,
5003301,Battlefield of Torment {PlaceParam},1,
5003302,Battlefield of Torment {PlaceParam},2,
5003303,Battlefield of Torment {PlaceParam},3,
5003304,Battlefield of Torment {PlaceParam},4,
5003305,Battlefield of Torment {PlaceParam},5,
5003401,Battlefield of Defiance {PlaceParam},1,
5003402,Battlefield of Defiance {PlaceParam},2,
5003403,Battlefield of Defiance {PlaceParam},3,
5003404,Battlefield of Defiance {PlaceParam},4,
5003405,Battlefield of Defiance {PlaceParam},5,
5003406,Fortress of Bloodshed,,
5003501,Battlefield of Decimation {PlaceParam},1,
5003502,Battlefield of Decimation {PlaceParam},2,
5003503,Battlefield of Decimation {PlaceParam},3,
5003504,Battlefield of Decimation {PlaceParam},4,
5003505,Battlefield of Decimation {PlaceParam},5,
5003506,Fortress of Slaughter,,
5003601,Battlefield of Delirium {PlaceParam},1,
5003602,Battlefield of Delirium {PlaceParam},2,
5003603,Battlefield of Delirium {PlaceParam},3,
5003604,Battlefield of Delirium {PlaceParam},4,
5003605,Battlefield of Delirium {PlaceParam},5,
5003606,Fortress of Frenzy,,
5003701,Battlefield of Apocalypse {PlaceParam},1,
5003702,Battlefield of Apocalypse {PlaceParam},2,
5003703,Battlefield of Apocalypse {PlaceParam},3,
5003704,Battlefield of Apocalypse {PlaceParam},4,
5003705,Battlefield of Apocalypse {PlaceParam},5,
5003706,Battlefield of Apocalypse {PlaceParam},6,
60010101,Upper Safe Village,,
60010102,Lower Safe Village,,
60010201,Upper Safe Village,,
60010202,Lower Safe Village,,
60010301,Upper Safe Village,,
60010302,Lower Safe Village,,
60010401,Upper Safe Village,,
60010402,Lower Safe Village,,
60010501,Upper Safe Village,,
60010502,Lower Safe Village,,
60010601,Upper Safe Village,,
60010602,Lower Safe Village,,
60010701,Upper Safe Village,,
60010702,Lower Safe Village,,
6001011,Barrier of Enhancement {PlaceParam},1,
6001012,Barrier of Enhancement {PlaceParam},2,
6001013,Barrier of Enhancement {PlaceParam},3,
6001014,Barrier of Enhancement {PlaceParam},4,
6001015,Barrier of Enhancement {PlaceParam},5,
6001016,Barrier of Enhancement {PlaceParam},6,
6001017,Barrier of Enhancement {PlaceParam},7,
6001018,Barrier of Enhancement {PlaceParam},8,
6001019,Barrier of Enhancement {PlaceParam},9,
6001021,Barrier of Enhancement {PlaceParam},1,
6001022,Barrier of Enhancement {PlaceParam},2,
6001023,Barrier of Enhancement {PlaceParam},3,
6001024,Barrier of Enhancement {PlaceParam},4,
6001025,Barrier of Enhancement {PlaceParam},5,
6001026,Barrier of Enhancement {PlaceParam},6,
6001027,Barrier of Enhancement {PlaceParam},7,
6001028,Barrier of Enhancement {PlaceParam},8,
6001029,Barrier of Enhancement {PlaceParam},9,
6001031,Barrier of Enhancement {PlaceParam},1,
6001032,Barrier of Enhancement {PlaceParam},2,
6001033,Barrier of Enhancement {PlaceParam},3,
6001034,Barrier of Enhancement {PlaceParam},4,
6001035,Barrier of Enhancement {PlaceParam},5,
6001036,Barrier of Enhancement {PlaceParam},6,
6001037,Barrier of Enhancement {PlaceParam},7,
6001038,Barrier of Enhancement {PlaceParam},8,
6001039,Barrier of Enhancement {PlaceParam},9,
6001041,Barrier of Enhancement {PlaceParam},1,
6001042,Barrier of Enhancement {PlaceParam},2,
6001043,Barrier of Enhancement {PlaceParam},3,
6001044,Barrier of Enhancement {PlaceParam},4,
6001045,Barrier of Enhancement {PlaceParam},5,
6001046,Barrier of Enhancement {PlaceParam},6,
6001047,Barrier of Enhancement {PlaceParam},7,
6001048,Barrier of Enhancement {PlaceParam},8,
6001049,Barrier of Enhancement {PlaceParam},9,
6001051,Barrier of Enhancement {PlaceParam},1,
6001052,Barrier of Enhancement {PlaceParam},2,
6001053,Barrier of Enhancement {PlaceParam},3,
6001054,Barrier of Enhancement {PlaceParam},4,
6001055,Barrier of Enhancement {PlaceParam},5,
6001056,Barrier of Enhancement {PlaceParam},6,
6001057,Barrier of Enhancement {PlaceParam},7,
6001058,Barrier of Enhancement {PlaceParam},8,
6001059,Barrier of Enhancement {PlaceParam},9,
6001061,Barrier of Enhancement {PlaceParam},1,
6001062,Barrier of Enhancement {PlaceParam},2,
6001063,Barrier of Enhancement {PlaceParam},3,
6001064,Barrier of Enhancement {PlaceParam},4,
6001065,Barrier of Enhancement {PlaceParam},5,
6001066,Barrier of Enhancement {PlaceParam},6,
6001067,Barrier of Enhancement {PlaceParam},7,
6001068,Barrier of Enhancement {PlaceParam},8,
6001069,Barrier of Enhancement {PlaceParam},9,
6001071,Barrier of Enhancement {PlaceParam},1,
6001072,Barrier of Enhancement {PlaceParam},2,
6001073,Barrier of Enhancement {PlaceParam},3,
6001074,Barrier of Enhancement {PlaceParam},4,
6001075,Barrier of Enhancement {PlaceParam},5,
6001076,Barrier of Enhancement {PlaceParam},6,
6001077,Barrier of Enhancement {PlaceParam},7,
6001078,Barrier of Enhancement {PlaceParam},8,
6001079,Barrier of Enhancement {PlaceParam},9,
60010801,Upper Safe Village,,
60010802,Lower Safe Village,,
6001081,Barrier of Enhancement {PlaceParam},1,
6001082,Barrier of Enhancement {PlaceParam},2,
6001083,Barrier of Enhancement {PlaceParam},3,
6001084,Barrier of Enhancement {PlaceParam},4,
6001085,Barrier of Enhancement {PlaceParam},5,
6001086,Barrier of Enhancement {PlaceParam},6,
6001087,Barrier of Enhancement {PlaceParam},7,
6001088,Barrier of Enhancement {PlaceParam},8,
6001089,Barrier of Enhancement {PlaceParam},9,
60020101,Upper Safe Village,,
60020102,Lower Safe Village,,
60020201,Upper Safe Village,,
60020202,Lower Safe Village,,
60020301,Upper Safe Village,,
60020302,Lower Safe Village,,
60020401,Upper Safe Village,,
60020402,Lower Safe Village,,
60020501,Upper Safe Village,,
60020502,Lower Safe Village,,
60020601,Upper Safe Village,,
60020602,Lower Safe Village,,
60020701,Upper Safe Village,,
60020702,Lower Safe Village,,
6002011,Barrier of Gold {PlaceParam},1,
6002012,Barrier of Gold {PlaceParam},2,
6002013,Barrier of Gold {PlaceParam},3,
6002014,Barrier of Gold {PlaceParam},4,
6002015,Barrier of Gold {PlaceParam},5,
6002016,Barrier of Gold {PlaceParam},6,
6002017,Barrier of Gold {PlaceParam},7,
6002018,Barrier of Gold {PlaceParam},8,
6002019,Barrier of Gold {PlaceParam},9,
6002021,Barrier of Gold {PlaceParam},1,
6002022,Barrier of Gold {PlaceParam},2,
6002023,Barrier of Gold {PlaceParam},3,
6002024,Barrier of Gold {PlaceParam},4,
6002025,Barrier of Gold {PlaceParam},5,
6002026,Barrier of Gold {PlaceParam},6,
6002027,Barrier of Gold {PlaceParam},7,
6002028,Barrier of Gold {PlaceParam},8,
6002029,Barrier of Gold {PlaceParam},9,
6002031,Barrier of Gold {PlaceParam},1,
6002032,Barrier of Gold {PlaceParam},2,
6002033,Barrier of Gold {PlaceParam},3,
6002034,Barrier of Gold {PlaceParam},4,
6002035,Barrier of Gold {PlaceParam},5,
6002036,Barrier of Gold {PlaceParam},6,
6002037,Barrier of Gold {PlaceParam},7,
6002038,Barrier of Gold {PlaceParam},8,
6002039,Barrier of Gold {PlaceParam},9,
6002041,Barrier of Gold {PlaceParam},1,
6002042,Barrier of Gold {PlaceParam},2,
6002043,Barrier of Gold {PlaceParam},3,
6002044,Barrier of Gold {PlaceParam},4,
6002045,Barrier of Gold {PlaceParam},5,
6002046,Barrier of Gold {PlaceParam},6,
6002047,Barrier of Gold {PlaceParam},7,
6002048,Barrier of Gold {PlaceParam},8,
6002049,Barrier of Gold {PlaceParam},9,
6002051,Barrier of Gold {PlaceParam},1,
6002052,Barrier of Gold {PlaceParam},2,
6002053,Barrier of Gold {PlaceParam},3,
6002054,Barrier of Gold {PlaceParam},4,
6002055,Barrier of Gold {PlaceParam},5,
6002056,Barrier of Gold {PlaceParam},6,
6002057,Barrier of Gold {PlaceParam},7,
6002058,Barrier of Gold {PlaceParam},8,
6002059,Barrier of Gold {PlaceParam},9,
6002061,Barrier of Gold {PlaceParam},1,
6002062,Barrier of Gold {PlaceParam},2,
6002063,Barrier of Gold {PlaceParam},3,
6002064,Barrier of Gold {PlaceParam},4,
6002065,Barrier of Gold {PlaceParam},5,
6002066,Barrier of Gold {PlaceParam},6,
6002067,Barrier of Gold {PlaceParam},7,
6002068,Barrier of Gold {PlaceParam},8,
6002069,Barrier of Gold {PlaceParam},9,
6002071,Barrier of Gold {PlaceParam},1,
6002072,Barrier of Gold {PlaceParam},2,
6002073,Barrier of Gold {PlaceParam},3,
6002074,Barrier of Gold {PlaceParam},4,
6002075,Barrier of Gold {PlaceParam},5,
6002076,Barrier of Gold {PlaceParam},6,
6002077,Barrier of Gold {PlaceParam},7,
6002078,Barrier of Gold {PlaceParam},8,
6002079,Barrier of Gold {PlaceParam},9,
60020801,Upper Safe Village,,
60020802,Lower Safe Village,,
6002081,Barrier of Gold {PlaceParam},1,
6002082,Barrier of Gold {PlaceParam},2,
6002083,Barrier of Gold {PlaceParam},3,
6002084,Barrier of Gold {PlaceParam},4,
6002085,Barrier of Gold {PlaceParam},5,
6002086,Barrier of Gold {PlaceParam},6,
6002087,Barrier of Gold {PlaceParam},7,
6002088,Barrier of Gold {PlaceParam},8,
6002089,Barrier of Gold {PlaceParam},9,
70010101,Upper Safe Village,,
70010102,Lower Safe Village,,
70010201,Upper Safe Village,,
70010202,Lower Safe Village,,
70010301,Upper Safe Village,,
70010302,Lower Safe Village,,
70010401,Upper Safe Village,,
70010402,Lower Safe Village,,
70010501,Upper Safe Village,,
70010502,Lower Safe Village,,
70010601,Upper Safe Village,,
70010602,Lower Safe Village,,
7001011,Barrier of the Unknown {PlaceParam},1,
7001012,Barrier of the Unknown {PlaceParam},2,
7001013,Barrier of the Unknown {PlaceParam},3,
7001014,Barrier of the Unknown {PlaceParam},4,
7001015,Barrier of the Unknown {PlaceParam},5,
7001016,Barrier of the Unknown {PlaceParam},6,
7001017,Barrier of the Unknown {PlaceParam},7,
7001018,Barrier of the Unknown {PlaceParam},8,
7001019,Barrier of the Unknown {PlaceParam},9,
7001021,Barrier of the Unknown {PlaceParam},1,
7001022,Barrier of the Unknown {PlaceParam},2,
7001023,Barrier of the Unknown {PlaceParam},3,
7001024,Barrier of the Unknown {PlaceParam},4,
7001025,Barrier of the Unknown {PlaceParam},5,
7001026,Barrier of the Unknown {PlaceParam},6,
7001027,Barrier of the Unknown {PlaceParam},7,
7001028,Barrier of the Unknown {PlaceParam},8,
7001029,Barrier of the Unknown {PlaceParam},9,
7001031,Barrier of the Unknown {PlaceParam},1,
7001032,Barrier of the Unknown {PlaceParam},2,
7001033,Barrier of the Unknown {PlaceParam},3,
7001034,Barrier of the Unknown {PlaceParam},4,
7001035,Barrier of the Unknown {PlaceParam},5,
7001036,Barrier of the Unknown {PlaceParam},6,
7001037,Barrier of the Unknown {PlaceParam},7,
7001038,Barrier of the Unknown {PlaceParam},8,
7001039,Barrier of the Unknown {PlaceParam},9,
7001041,Barrier of the Unknown {PlaceParam},1,
7001042,Barrier of the Unknown {PlaceParam},2,
7001043,Barrier of the Unknown {PlaceParam},3,
7001044,Barrier of the Unknown {PlaceParam},4,
7001045,Barrier of the Unknown {PlaceParam},5,
7001046,Barrier of the Unknown {PlaceParam},6,
7001047,Barrier of the Unknown {PlaceParam},7,
7001048,Barrier of the Unknown {PlaceParam},8,
7001049,Barrier of the Unknown {PlaceParam},9,
7001051,Barrier of the Unknown {PlaceParam},1,
7001052,Barrier of the Unknown {PlaceParam},2,
7001053,Barrier of the Unknown {PlaceParam},3,
7001054,Barrier of the Unknown {PlaceParam},4,
7001055,Barrier of the Unknown {PlaceParam},5,
7001056,Barrier of the Unknown {PlaceParam},6,
7001057,Barrier of the Unknown {PlaceParam},7,
7001058,Barrier of the Unknown {PlaceParam},8,
7001059,Barrier of the Unknown {PlaceParam},9,
7001061,Barrier of the Unknown {PlaceParam},1,
7001062,Barrier of the Unknown {PlaceParam},2,
7001063,Barrier of the Unknown {PlaceParam},3,
7001064,Barrier of the Unknown {PlaceParam},4,
7001065,Barrier of the Unknown {PlaceParam},5,
7001066,Barrier of the Unknown {PlaceParam},6,
7001067,Barrier of the Unknown {PlaceParam},7,
7001068,Barrier of the Unknown {PlaceParam},8,
7001069,Barrier of the Unknown {PlaceParam},9,
70010701,Upper Safe Village,,
70010702,Lower Safe Village,,
7001071,Barrier of the Unknown {PlaceParam},1,
7001072,Barrier of the Unknown {PlaceParam},2,
7001073,Barrier of the Unknown {PlaceParam},3,
7001074,Barrier of the Unknown {PlaceParam},4,
7001075,Barrier of the Unknown {PlaceParam},5,
7001076,Barrier of the Unknown {PlaceParam},6,
7001077,Barrier of the Unknown {PlaceParam},7,
7001078,Barrier of the Unknown {PlaceParam},8,
7001079,Barrier of the Unknown {PlaceParam},9,
70010801,Upper Safe Village,,
70010802,Lower Safe Village,,
7001081,Barrier of the Unknown {PlaceParam},1,
7001082,Barrier of the Unknown {PlaceParam},2,
7001083,Barrier of the Unknown {PlaceParam},3,
7001084,Barrier of the Unknown {PlaceParam},4,
7001085,Barrier of the Unknown {PlaceParam},5,
7001086,Barrier of the Unknown {PlaceParam},6,
7001087,Barrier of the Unknown {PlaceParam},7,
7001088,Barrier of the Unknown {PlaceParam},8,
7001089,Barrier of the Unknown {PlaceParam},9,
