Id,Name,Desc,LockDesc,Param
100000,,,,
11,,,,
12,,,,
13,,,,
100001,Trial Gates,{Name} já está aberto.,,
100111,,,,
100112,,,,
100113,,,,
100114,,,,
100115,,,,
100116,,,,
100117,,,,
100118,,,,
100119,,,,
100120,,,,
100121,,,,
100122,,,,
100123,,,,
100211,,,,
100212,,,,
100213,,,,
100214,,,,
100215,,,,
100216,,,,
100218,,,,
100220,,,,
100221,,,,
100222,,,,
100223,,,,
100224,,,,
100311,,,,
100312,,,,
100313,,,,
100314,,,,
100315,,,,
100316,,,,
100317,,,,
100318,,,,
100319,,,,
100320,,,,
100321,,,,
100322,,,,
100411,,,,
100412,,,,
100413,,,,
100414,,,,
100415,,,,
100416,,,,
100417,,,,
100418,,,,
100419,,,,
100420,,,,
100421,,,,
100422,,,,
100423,,,,
100424,,,,
100511,,,,
100512,,,,
100513,,,,
100514,,,,
100515,,,,
100516,,,,
100517,,,,
100518,,,,
100519,,,,
100520,,,,
100521,,,,
100501,Arquivo,Descubra mais histórias através do Arquivo.,,
100502,,,,
100503,,,,
100504,,,,
100505,,,,
100601,,,,
100602,,,,
100603,,,,
100604,,,,
100605,,,,
100606,,,,
88888,G-STAR,G-STAR Conteúdo exclusivo bloqueado,,
999001,,,,
999002,,,,
999003,,,,
999004,,,,
999005,,,,
999006,,,,
1001,Skill,Liberte o skills exclusivo do seu personagem.,,
1002,Clã,Reúna aliados para alcançar um objetivo comum.,,
1003,Monolith War,Reivindique o Monólito para aproveitar seu poder místico.,,
1005,Postura de Batalha,Postura de Batalha,,
1010,Loja,Acesse a loja especial da Merchants Guild.,,
1020,Inventário,Inventário para armazenar seus itens.,,
1022,Infundir,Adicione várias opções ao seu equipamento.,,
1023,Desmontagem,Desmontar vários itens.,,
1024,Slot rápido,Atribua vários itens aos seus Quick Slots.,,
1030,Artesanato,Crie uma ampla variedade de equipamentos.,,
1040,Adventurers Alliance,Interaja com as principais guildas de Babylon e acesse vários recursos.,,
1047,Abyss Battlefield,Competir contra aventureiros de outras dimensões no Abyss Battlefield.,,
1048,Abyss Battlefield,Competir contra aventureiros de outras dimensões no Abyss Battlefield.,,
1050,Classe,Conteúdo de classe bloqueado,,
1060,Despertar,Desperte seu personagem para aumentar suas habilidades.,,
1080,Traje,Obtenha {Param}{jstag:} por meio de {Param}{jstag:}.,,Evocar Loja
1081,Arma Fantasma,Obtenha {Param}{jstag:} por meio de {Param}{jstag:}.,,Evocar Loja
1082,Traje para subir de nível,Aumenta as estatísticas do traje e os efeitos de ligação.,,
1090,Montagem,Monte para uma viagem mais rápida.,,
1100,Planador,Monte um planador para planar.,,
1110,Troféu,Conclua objetivos de aventura para ganhar recompensas.,,
1120,Grupo,Junte-se a outros jogadores para aventuras.,,
1130,Codex,Codex Conteúdo bloqueado,,
1140,Marketplace,Compre vários itens no Marketplace.,,
1141,Marketplace,Venda vários itens no Marketplace.,,
1150,Memórias de Gudua,Colete os fragmentos de Gudua para aumentar suas estatísticas.,,
1160,Evocar Loja,Convocação de Conteúdo da Loja Bloqueado,,
1170,Caixa de entrada,Recebe correio e mensagens.,,
1180,Modo de economia de energia,Pode reduzir o consumo de energia.,,
1190,Graça das Constelações,Ganhe habilidades únicas através das Guardian Stars.,,
1191,Graça das Constelações,Atribua a Estrela Guardiã {Param}.,,2
1192,Graça das Constelações,Atribua a Estrela Guardiã {Param}.,,3
1193,Graça das Constelações,Atribua a Estrela Guardiã {Param}.,,4
1200,Giant's Tower,Explore a Giant's Tower.,,
1201,Crista dos Antigos,Melhore essas cristas explorando a Giant's Tower.,,
1220,Notificação,Receba notificações importantes.,,
1230,Detectar,Detectar inimigos próximos.,,
1250,Bate-papo,Converse com outros jogadores.,,
1251,Relatório Chat,Relatar comportamento inadequado no bate-papo.,,
1270,Arbiter’s Ordeal,Conquiste as Provações para ganhar as recompensas de sua escolha.,,
1271,Ordeal of Binding,Uma masmorra para reunir recursos para atualizar {Param}.,,Traje
1272,Ordeal of Skill,Uma masmorra para reunir recursos para atualizar {Param}.,,Skill
1273,Ordeal of Constellations,Uma masmorra para reunir recursos para atualizar {Param}.,,Graça das Constelações
1274,Ordeal of Gold,"Obtenha Ouro, a moeda essencial para se aventurar pelas Terras Abandonadas.",,
1280,Classificação,Competir por classificações com outros jogadores.,,
1290,Registro de batalha,Revise seus resultados de combate contra outros aventureiros.,,
1300,Eventos,Explore uma variedade de eventos em andamento.,,
1310,Aviso de conteúdo,Receba avisos de conteúdo para eventos cronometrados.,,
1410,Combat Skill,Configure e aprenda o combate skills.,,
1411,Skill passivo,Aprenda a passiva skills.,,
1412,Skill Nível,Atualize seu combate skills.,,
1413,Pedra mágica,Equipe Spellstones em seu combate skills.,,
1420,Passar,Complete missões para recompensas em níveis.,,
1430,,,,
1440,Guia de aventura,Acesse vários guias para sua aventura.,,
1450,Modo AI offline,Continue sua aventura usando o modo IA offline.,,
1460,Relíquia Sagrada,Equipe Relíquias Sagradas para alcançar maior crescimento.,,
1461,,,,
1462,Relíquia Sagrada,Equipe Relíquias Sagradas de {Param}.,,Infinity
1463,Relíquia Sagrada,Equipe Relíquias Sagradas de {Param}.,,Abyss
1464,Relíquia Sagrada,Equipe Relíquias Sagradas de {Param}.,,Arena
1465,Relíquia Sagrada,Equipe Relíquias Sagradas de {Param}.,,Conflito
1470,,,,
1480,,,,
1490,Relações,Encontre diversas relações enquanto viaja pelas Terras Abandonadas.,,
1500,Semente de réplica,Ljahot replicou chefes de campo junto com os membros do seu clã.,,
1501,Semente de réplica,Ljahot replicou chefes de campo junto com os membros do seu clã.,,
1510,Novo equipamento secundário,Equipar nova engrenagem secundária.,,
1520,Predefinição,Configure decks para equipamentos e Skills para alternar entre eles com facilidade.,,
1530,Agendador de IA,Execute perfeitamente seus planejamentos definidos.,,
1540,Ajuste,Aprimore seu ajuste para obter maior poder.,,
1550,Desafio High-Pass,Experimente um crescimento explosivo por meio do High-Pass Challenge.,,
1560,Progressão,Aprenda a desenvolver ainda mais o seu poder.,,
1570,,,,
2010,,,,
2020,,,,
2030,,,,
2040,,,,
2050,,,,
2520,,,,
2530,,,,
2540,,,,
2550,,,,
2560,,,,
2570,,,,
2580,,,,
2590,,,,
2600,,,,
2610,,,,
2620,,,,
2630,,,,
2640,,,,
2650,,,,
2660,,,,
2670,,,,
10031,Monolith War,,,
991012,Missão de Avanço {Param},Complete missões para avançar seu personagem.,,1
991013,Missão de Avanço {Param},Complete missões para avançar seu personagem.,,2
991014,Missão de Avanço {Param},Complete missões para avançar seu personagem.,,3
991015,Missão de Avanço {Param},Complete missões para avançar seu personagem.,,4
991091,Avanço,,,
2100,Ressonância,Aumente as estatísticas do seu personagem através da Ressonância.,,
2101,Ressonância,,,
2102,Ressonância,,,
2103,Ressonância,,,
2104,Ressonância,,,
2105,Ressonância,,,
2111,Ressonância,,,
2112,Ressonância,,,
2113,Ressonância,,,
2301,Chaveiro,Você pode viajar com um chaveiro.,,
2302,Title,Desbloquear títulos através de vários atividades.,,
2303,Decorações,Colete várias decorações e estilize seu personagem.,,
2304,OOParts,Adquira diversos OOPArts para aprimorar suas capacidades de combate.,,
2400,Arena,Entre no campo de batalha e reivindique sua glória.,,
3002,Giant's Tower {Param}F,Uma nova aventura começa na Giant's Tower do {Param}F.,,2
3003,Giant's Tower {Param}F,Uma nova aventura começa na Giant's Tower do {Param}F.,,3
3004,Giant's Tower {Param}F,Uma nova aventura começa na Giant's Tower do {Param}F.,,4
200001,Guilda de Comerciantes,,,
200002,Guilda dos Ferreiros,,,
200003,Artisans Guild,,,
200004,Guilda dos Avaliadores,,,
200005,Hunters Guild,,,
200006,Guilda dos Exploradores,,,
200007,Wayfinders Guild,,,
300000,Guia,Verifique o guia publicado pela Adventurers Alliance!,,
300002,Tarefa da Facção da Guilda dos Comerciantes {Param},,,1
300003,Tarefa da Facção da Guilda dos Comerciantes {Param},,,2
300004,Tarefa da Facção da Guilda dos Comerciantes {Param},,,3
300005,Tarefa da Facção da Guilda dos Comerciantes {Param},,,4
300006,Tarefa da Facção da Guilda dos Comerciantes {Param},,,5
300007,Tarefa de facção da guilda dos ferreiros {Param},,,1
300008,Tarefa de facção da guilda dos ferreiros {Param},,,2
300009,Tarefa de facção da guilda dos ferreiros {Param},,,3
300010,Tarefa de facção da guilda dos ferreiros {Param},,,4
300011,Tarefa de facção da guilda dos ferreiros {Param},,,5
300012,Artisans Guild Tarefa de Facção {Param},,,1
300013,Artisans Guild Tarefa de Facção {Param},,,2
300014,Artisans Guild Tarefa de Facção {Param},,,3
300015,Artisans Guild Tarefa de Facção {Param},,,4
300016,Artisans Guild Tarefa de Facção {Param},,,5
300017,Tarefa da Facção da Guilda dos Avaliadores {Param},,,1
300018,Tarefa da Facção da Guilda dos Avaliadores {Param},,,2
300019,Tarefa da Facção da Guilda dos Avaliadores {Param},,,3
300020,Tarefa da Facção da Guilda dos Avaliadores {Param},,,4
300021,Tarefa da Facção da Guilda dos Avaliadores {Param},,,5
300022,Hunters Guild Faction Task {Param},,,1
300023,Hunters Guild Faction Task {Param},,,2
300024,Hunters Guild Faction Task {Param},,,3
300025,Hunters Guild Faction Task {Param},,,4
300026,Hunters Guild Faction Task {Param},,,5
300032,Tarefa de facção da guilda dos Wayfinders {Param},,,1
300033,Tarefa de facção da guilda dos Wayfinders {Param},,,2
300034,Tarefa de facção da guilda dos Wayfinders {Param},,,3
300035,Tarefa de facção da guilda dos Wayfinders {Param},,,4
300036,Tarefa de facção da guilda dos Wayfinders {Param},,,5
30001,Commission House,Conclua várias comissões.,,
30002,Commission House,Conclua várias comissões.,,
30010,Loja Geral,,,
30020,Loja de equipamentos,,,
30021,Loja de equipamentos,,,
30030,Stash,,,
30040,Warp Conduit,,,
30050,Warp Conduit,,,
30060,Loja de livros de habilidades,,,
30070,Loja de livros de habilidades,,,
30071,Loja de livros de habilidades,,,
30080,Gold Crystal Shop,,,
30090,Fortaleza Guard Torre,,,
30100,Rift Shop,,,
30110,Abyssal Token Shop,,,
30120,Arena Shop,,,
4001,Caça,,,
4002,Monolith War,,,
4003,Giant's Tower,,,
4004,Angbar Arena,,,
4005,Abyss Battlefield,,,
4101,Angbar Arena,,,
10001,,,,
10002,,,,
10003,,,,
400001,Trial Gates,{Name} já está aberto.,,
400010,Trial Gate: Hard,Trial Gate: Hard agora está ativo.,,
400014,,,,
400901,,,,
410001,Rift,{Name} já está aberto.,,
410002,Abyss Hunter's Swamp,Um novo Rift está aberto.,,
410003,Grave of Dead Roots,Um novo Rift está aberto.,,
420001,Infinite Spire,{Name} já está aberto.,,
420011,Hall of Proof,{Name} já está aberto.,,
430001,Barreira Temporal,{Name} já está aberto.,,
430011,Barrier of Enhancement,{Name} já está aberto.,,
430012,Barrier of Gold,{Name} já está aberto.,,
430013,Barreira de Evento,{Name} já está aberto.,,
450001,Santuário Etéreo,{Name} de {Param} agora está aberto.,,Scything Barrens
450005,Santuário Etéreo,{Name} de {Param} agora está aberto.,,Giant's Garden
450006,Santuário Etéreo,{Name} de {Param} agora está aberto.,,Pulsing Ridge
450007,Santuário Etéreo,{Name} de {Param} agora está aberto.,,Starfall Plateau
450011,Santuário Etéreo,{Name} de {Param} agora está aberto.,,Twisted Elysium
450002,Santuário Etéreo,{Name} de {Param} agora está aberto.,,Giant's Garden
450003,Santuário Etéreo,{Name} de {Param} agora está aberto.,,Pulsing Ridge
450004,Santuário Etéreo,{Name} de {Param} agora está aberto.,,Starfall Plateau
450101,Santuário Etéreo,{Name} de {Param} agora está aberto.,,Scything Barrens
450102,Santuário Etéreo,{Name} de {Param} agora está aberto.,,Giant's Garden
450103,Santuário Etéreo,{Name} de {Param} agora está aberto.,,Pulsing Ridge
450104,Santuário Etéreo,{Name} de {Param} agora está aberto.,,Starfall Plateau
450012,,,,Twisted Elysium
450013,,,,Twisted Elysium
450008,Trial Gates,{Name} de {Param} agora está aberto.,,Giant's Garden
450009,Trial Gates,{Name} de {Param} agora está aberto.,,Pulsing Ridge
450010,Trial Gates,{Name} de {Param} agora está aberto.,,Starfall Plateau
450105,Santuário Etéreo,{Name} de {Param} agora está aberto.,,Starfall Plateau
450106,Santuário Etéreo,{Name} de {Param} agora está aberto.,,Starfall Plateau
500000,,,,
460001,Chefe de Rift,{Name} já está aberto.,,
500001,Pacote de participação de montaria de grau 4,Um novo item de atendimento foi adicionado à Loja.,,
60002,,,,
60003,,,,
61001,,,,
61002,,,,
61003,,,,
61004,,,,
62001,,,,
62002,,,,
62003,,,,
62004,,,,
63001,,,,
63002,,,,
64001,,,,
64002,,,,
70101,Bate-papo,Converse com outros jogadores.,,
70102,Bate-papo,Converse com outros jogadores.,,
80001,,,,
3000101,,,,
3000102,,,,
3000103,,,,
3000104,,,,
3000105,,,,
3000106,,,,
3000107,,,,
3000108,,,,
3000109,,,,
3000110,,,,
3000111,,,,
3000112,,,,
3000113,,,,
3000114,,,,
3000115,,,,
3000116,,,,
3000117,,,,
3000118,,,,
3000119,,,,
3000120,,,,
3000201,,,,
3000202,,,,
3000203,,,,
3000204,,,,
3000205,,,,
3000206,,,,
3000207,,,,
3000208,,,,
3000209,,,,
3000210,,,,
3000211,,,,
3000212,,,,
3000213,,,,
3000214,,,,
3000215,,,,
3000216,,,,
3000217,,,,
3000301,,,,
3000302,,,,
3000303,,,,
3000304,,,,
3000305,,,,
3000306,,,,
3000307,,,,
3000308,,,,
3000309,,,,
3000310,,,,
3000311,,,,
3000312,,,,
3000313,,,,
3000314,,,,
3000315,,,,
3000316,,,,
3000317,,,,
3000318,,,,
3000401,,,,
3000402,,,,
3000403,,,,
3000404,,,,
3000405,,,,
3000406,,,,
3000407,,,,
3000408,,,,
3000409,,,,
3000410,,,,
3000411,,,,
3000412,,,,
3000413,,,,
3000414,,,,
3000415,,,,
3000416,,,,
3000417,,,,
3000418,,,,
3000501,,,,
3000502,,,,
3000503,,,,
3000504,,,,
3000505,,,,
3000506,,,,
3000507,,,,
3000508,,,,
3000509,,,,
3000510,,,,
3000511,,,,
3000512,,,,
3000513,,,,
3000514,,,,
3000515,,,,
3000516,,,,
3000517,,,,
3000518,,,,
3000519,,,,
3000520,,,,
3000521,,,,
3000522,,,,
3000523,,,,
3000524,,,,
3000525,,,,
