Id,BossDesc
10101,
10102,
10103,
10104,
10105,
10106,
10107,
10108,
10109,
10110,
10201,
10202,
10203,
10401,"Karugura, cujas grandes asas se espalham por toda parte para lançar uma sombra noturna, é um ser que até mesmo o luar evita.
Ele assume a forma de um morcego gigante, suas abas de asas rasgam armaduras como se fossem feitas de papel e suas presas perfuram escudos. Mas esta não é a razão pela qual é chamado de ‘Ceifador’.
A prova mais saliente da infâmia de Karugura não é outra senão sua ‘Saliva Amaldiçoada’ imbuída de retribuição antiga."
10402,"Shagriga, com sua pele dura como aço e garras gigantes, nada no subsolo em busca de presas.
Ele espera por um momento em que até o vento prende a respiração e perfura os aventureiros com seu feixe de línguas alongadas. Para isso, é chamado de ‘Extrator de vísceras’.
Os sobreviventes testemunharam que a língua de Shagriga não é um simples órgão sensorial, mas mais próxima de um músculo que puxa os órgãos internos dos virtims para fora de seu corpo."
10403,"Cada vez que ela dá um passo, inúmeras formigas-soldados saem das rachaduras no chão e um fluido ácido mortal é espalhado no ar.
Incontáveis aventureiros derrotaram Ereshianna enquanto suportavam a dor de sua carne e sangue derretendo, mas a Legião de Ferro não desapareceu. Foi porque a morte dela significou simplesmente o nascimento de uma nova rainha."
10404,"Se você perder o senso de direção e os reflexos de combate junto com um flash no deserto, você também pode desistir de todas as esperanças de sobrevivência.
Porque no momento em que você compreender a situação, você terá sido engolido por Saharnugal, o Senhor da Gula.
Nada que entrou em sua boca escapou.
Você não será capaz de escapar até o momento em que fechar os olhos."
10405,"No dia em que a Torre foi aberta, deixando para trás o céu em ruínas, Behemoth revelou-se ao mundo.
Desde seus passos sacudindo o chão, presas gigantes que perfuram até as paredes do castelo, até sua resiliência que torna os ataques sem sentido... tudo era exatamente como descrito em registros antigos."
10501,
10502,
10503,
10504,
10505,
10541,
10542,
10543,
10544,
10545,
10546,
10547,
10548,
10549,
10550,
10551,
10552,
10553,
10554,
10555,
10556,
10557,
10558,
10559,
10560,
10561,
10562,
10563,
10564,
10565,
10566,
10567,
10568,
10569,
10570,
10571,
10572,
10573,
10574,
10575,
10576,
10577,
10578,
10579,
10580,
10581,
10582,
10583,
10584,
10585,
10586,
10587,
10588,
10589,
10590,
10621,
10622,
10623,
10624,
10625,
10626,
10627,
10628,
10629,
10630,
10631,
10632,
10633,
10634,
10635,
10636,
10637,
10638,
10639,
10640,
10651,
10652,
10653,
10654,
10655,
10656,
10657,
10658,
10659,
10660,
10661,
10662,
10663,
10664,
10665,
10666,
10667,
10668,
10669,
10670,
10671,
10672,
10673,
10674,
10675,
10676,
10677,
10678,
10679,
10680,
10681,
10682,
10683,
10684,
10685,
10686,
10687,
10688,
10689,
10690,
10691,
10692,
10693,
10694,
10695,
10696,
10697,
10698,
10699,
10700,
10701,
10702,
10703,
10704,
10705,
10706,
10707,
10708,
10709,
10710,
10731,
10732,
10733,
10734,
10735,
10736,
10737,
10738,
10739,
10740,
10741,
10742,
10743,
10744,
10745,
10746,
10747,
10748,
10749,
10750,
20101,
20102,
20103,
20104,
20105,
20106,
20107,
20108,
20109,
20110,
20201,
20202,
20203,
20401,"Tagar, que tem uma propensão para destruir campos de batalha com um machado, é o chefe que lidera a tribo Kuduru.
Cínico e violento, ele considera natural derramar sangue desnecessário para sua matilha, mas mostra um lado diferente na batalha.
A glória do vencedor é seu único credo."
20402,"Daidalcur, também conhecido como o Açougueiro, é um guerreiro dos Kurgal, uma tribo famosa por sua força física, mesmo entre os demi-humanos.
Seus olhos vermelhos escuros, ardendo de ódio, perseguem os humanos a qualquer hora, em qualquer lugar, e a morte sempre os aguarda no final.
Seria inútil tentar entender por que ele levanta seu martelo praticamente qualquer um. Para Daidalcur, uma pessoa nada mais é do que um pedaço de carne."
20403,"Saurgir desce com raios para queimar seus inimigos antes de esconder seu corpo nas nuvens. Isso nos lembra uma antiga fera mágica.
Sempre que suas asas gigantes batem, um redemoinho é criado.
Sempre que o flash azul atinge, cadáveres queimados se acumulam no chão."
20404,"Galarusia, também conhecido como o Terror das Terras Abandonadas, é o governante das vespas vampíricas.
Muitos aventureiros alertam que seu corpo é uma arma mortal desenvolvida para o campo de batalha.  Quando suas mandíbulas em forma de presas mordem o pescoço e o ferrão afiado em sua cauda injeta veneno nas veias, a vítima pensaria que é melhor simplesmente morrer."
20405,"Shahgal nasceu de uma planta parasita que se espalhou pelas Terras Abandonadas passando por um cataclismo e deformação. Originalmente, era uma forma de vida artificial no formato de uma planta criada para manter o ecossistema dentro da Torre, mas à medida que se tornou autoconsciente, tornou-se o líder dos parasitas.
Ao contrário de outros parasitas, Shahgal usa outros parasitas como hospedeiros e controla todas as feras parasitas ao seu gosto."
20406,"Florescendo em vermelho escuro enquanto se alimenta da energia do cataclismo, Shahgal criou raízes nas profundezas da terra, pronto para devorar qualquer vida que se aproxime."
20501,
20502,
20503,
20504,
20505,
20541,
20542,
20543,
20544,
20545,
20546,
20547,
20548,
20549,
20550,
20551,
20552,
20553,
20554,
20555,
20556,
20557,
20558,
20559,
20560,
20561,
20562,
20563,
20564,
20565,
20566,
20567,
20568,
20569,
20570,
20571,
20572,
20573,
20574,
20575,
20576,
20577,
20578,
20579,
20580,
20581,
20582,
20583,
20584,
20585,
20586,
20587,
20588,
20589,
20590,
20601,
20602,
20603,
20604,
20605,
20606,
20607,
20608,
20609,
20610,
20611,
20612,
20613,
20614,
20615,
20621,
20622,
20623,
20624,
20625,
20626,
20627,
20628,
20629,
20630,
20631,
20632,
20633,
20634,
20635,
20636,
20637,
20638,
20639,
20640,
20641,
20642,
20643,
20644,
20645,
20646,
20647,
20648,
20649,
20650,
20651,
20652,
20653,
20654,
20655,
20656,
20657,
20658,
20659,
20660,
20661,
20662,
20663,
20664,
20665,
20666,
20667,
20668,
20669,
20670,
20671,
20672,
20673,
20674,
20675,
20676,
20677,
20678,
20679,
20680,
20681,
20682,
20683,
20684,
20685,
20706,
20707,
20708,
20709,
20710,
20711,
20712,
20713,
20714,
20715,
20716,
20717,
20718,
20719,
20720,
20721,
20722,
20723,
20724,
20725,
30101,
30102,
30103,
30104,
30105,
30106,
30107,
30108,
30109,
30110,
30201,
30202,
30203,
30401,"Gigaz, uma vez chamado de governante das colinas, transformado em um ser horrível após ser infectado por uma planta parasita.
Tendo se tornado um hospedeiro, ele ataca freneticamente com força esmagadora e poder destrutivo, destruindo tudo à vista junto com as plantas parasitas que crescem em suas costas e ombros.
Agora ele até emite parasitas, o que o torna um desastre vivo."
30402,"Urukkur, que significa ‘Humano Cinzento’, é o nome de um grande guerreiro da tribo Kigur. Ele abre o caminho com sangue para recuperar a glória dos tempos antigos.
A loucura em seus olhos dourados se torna uma lança que corta e perfura os inimigos tão rápido quanto o vento na vanguarda do campo de batalha. Seu corpo encharcado de sangue é sublimado em pura excitação e êxtase, impulsionando-o para o meio da batalha.
Para Urukkur, um campo de batalha é seu local de oração."
30403,"Os aventureiros descreveram este pássaro gigante mutante com cabeça humana como 'a manifestação alada da antiga maldição' ou 'o lendário Roc transformado em uma abominação'.
Quando ele estende suas asas negras pelo céu para bloquear o sol e abre seus olhos atentos para espalha maldições e corrupção, o terror sem fim de Aluk se infiltra no solo. Quando seus olhos finalmente encontrarem seu olhar, seu coração irá parar como se estivesse congelado."
30404,"O Kakaju de duas cabeças também é conhecido como ‘Champion da Natureza’ ou ‘Presas Negras’.
Como o maior e mais feroz líder da matilha de lobos de duas cabeças, a fera instila um medo primitivo nos corações dos aventureiros. Enquanto todo o seu corpo é dilacerado por seus dentes poderosos e consumido pelos poluentes que são expelidos incessantemente de sua boca, você desejaria que a morte chegasse mais cedo."
30405,"Lugaz, supostamente originado de dentro da Torre, não compartilha nenhuma semelhança com qualquer pessoa viva que atualmente habite as Terras Forskaen.
Os órgãos se contorcendo dentro de seu translúcido caixa torácica, tentáculos afiados como lâminas e movimentos que distorcem o espaço em um instante... Tudo nele significa abominação. Alguns aventureiros até perderam a sanidade diante da aparência sombria do monstro."
30406,"Agarash surgiu como o ápice dos wyverns em um mundo onde os verdadeiros dragões desapareceram e é sem dúvida uma das criaturas mais fortes que povoam essas terras. Inúmeros heróis desafiaram Agarash, apenas para encontrar seu destino antes mesmo que pudessem escapar de sua sombra.
Quando confrontado com suas asas gigantescas que enviam tempestades semelhantes a lâminas e seus movimentos que tornam impotentes até mesmo os ataques mais ferozes, qualquer um colocaria a sobrevivência antes de tudo."
30407,"Em meio às cinzas, a chama solitária de Agarash arde indomável, seu calor crescente buscando sua próxima presa mesmo agora"
30501,
30502,
30503,
30504,
30505,
30541,
30542,
30543,
30544,
30545,
30546,
30547,
30548,
30549,
30550,
30551,
30552,
30553,
30554,
30555,
30556,
30557,
30558,
30559,
30560,
30561,
30562,
30563,
30564,
30565,
30566,
30567,
30568,
30569,
30570,
30571,
30572,
30573,
30574,
30575,
30576,
30577,
30578,
30579,
30580,
30581,
30582,
30583,
30584,
30585,
30586,
30587,
30588,
30589,
30590,
30601,
30602,
30603,
30604,
30605,
30606,
30607,
30608,
30609,
30610,
30611,
30612,
30613,
30614,
30615,
30616,
30617,
30618,
30619,
30620,
30651,
30652,
30653,
30654,
30655,
30656,
30657,
30658,
30659,
30660,
30661,
30662,
30663,
30664,
30665,
30666,
30667,
30668,
30669,
30670,
30671,
30672,
30673,
30674,
30675,
30676,
30677,
30678,
30679,
30680,
30681,
30682,
30683,
30684,
30685,
30686,
30687,
30688,
30689,
30690,
30691,
30692,
30693,
30694,
30695,
30696,
30697,
30698,
30699,
30700,
30701,
30702,
30703,
30704,
30705,
30706,
30707,
30708,
30709,
30710,
30711,
30712,
30713,
30714,
30715,
30716,
30717,
30718,
30719,
30720,
30721,
30722,
30723,
30724,
30725,
30726,
30727,
30728,
30729,
30730,
40101,
40102,
40103,
40104,
40105,
40106,
40107,
40109,
40108,
40110,
40201,
40202,
40203,
40401,"Chamado de ‘Imugi’ pelos Creans, Mushgal é o remanescente de um sonho fracassado, uma criatura que caiu enquanto subia ao sky.
Ele ataca de frustração e raiva por nunca ser capaz de sair do chão, apesar de sua forma de dragão. Para o monstro, este é um grito desesperado em direção ao céu. Para o povo das Terras Abandonadas, é apenas um desastre chamado trovão e relâmpago."
40402,"Amplamente reconhecido como a mais feroz das variantes Sergal, Kirjur tem o hábito de comer carne humana.
 Especialmente notório entre os aventureiros que exploram as terras altas, ele mastiga presas congeladas com a boca gigante localizada no centro do peito, ou esmaga corpos congelados ao desferir um golpe cheio de energia fria."
40403,"Gnumar é uma arma biológica sempre imparável.
Como se as pinças deste caranguejo esporo gigante não fossem ameaçadoras o suficiente, a colônia de cogumelos parasitas que cresce em sua carapaça cria uma aparência ainda mais assustadora. Os cogumelos espalham esporos, causando várias doenças, como envenenamento, alucinação e confusão, e dão origem a um novo enxame de caranguejos esporos na névoa tóxica."
40404,"Tilaga, normalmente encontrada dentro da Torre e na Terra Abandonada, é a governante de uma espécie antiga conhecida como Bruxas Mariposa.
 Observando-a absorver Éter com suas elegantes abas de asas, pode-se pensar que o pseudônimo ‘Wings of Death’ não combina com ela. No entanto, é uma representação precisa da verdadeira natureza do monstro, pois cobre o campo de batalha com veneno com um único bater de asas para paralisar todo o corpo da vítima sem qualquer ajuda, consumindo-a em uma morte silenciosa."
40405,"Shagan, uma variante única considerada a mais forte entre os wyverns, é chamada de 
'Encarnação do Vento' entre os aventureiros devido aos seus movimentos ágeis que desafiam seu tamanho gigantesco.
Uusando o próprio vento como uma arma, criando tempestades e redemoinhos com suas asas é ameaçador o suficiente, mas sua carapaça, mandíbulas duras e cauda implacável possuem um poder formidável."
40406,"Dariente, o governante absoluto que reside no silencioso campo de neve, simboliza o inverno do próprio Norte.
Todas as criaturas sucumbem ao hálito gelado que ele exala e perdem a vida para os pilares de gelo que irrompem em meio a seus rugidos. Quando Dariente surge com uma nevasca que congela tudo, até o próprio campo de batalha fica em silêncio."
40501,
40502,
40503,
40504,
40505,
40541,
40542,
40543,
40544,
40545,
40546,
40547,
40548,
40549,
40550,
40551,
40552,
40553,
40554,
40555,
40556,
40557,
40558,
40559,
40560,
40561,
40562,
40563,
40564,
40565,
40566,
40567,
40568,
40569,
40570,
40571,
40572,
40573,
40574,
40575,
40576,
40577,
40578,
40579,
40580,
40581,
40582,
40583,
40584,
40585,
40586,
40587,
40588,
40589,
40590,
40601,
40602,
40603,
40604,
40605,
40606,
40607,
40608,
40609,
40610,
40611,
40612,
40613,
40614,
40615,
40616,
40617,
40618,
40619,
40620,
40621,
40622,
40623,
40624,
40625,
40626,
40627,
40628,
40629,
40630,
40631,
40632,
40633,
40634,
40635,
40636,
40637,
40638,
40639,
40640,
40641,
40642,
40643,
40644,
40645,
40646,
40647,
40648,
40649,
40650,
40651,
40652,
40653,
40654,
40655,
40656,
40657,
40658,
40659,
40660,
40661,
40662,
40663,
40664,
40665,
40666,
40667,
40668,
40669,
40670,
40671,
40672,
40673,
40674,
40675,
40676,
40677,
40678,
40679,
40680,
40701,
40702,
40703,
40704,
40705,
40706,
40707,
40708,
40709,
40710,
40711,
40712,
40713,
40714,
40715,
40716,
40717,
40718,
40719,
40720,
50101,
50102,
50103,
50104,
50105,
50106,
50107,
50108,
50109,
50110,
50201,
50202,
50401,"Este colossal horror semelhante a um lobo anda sobre duas pernas, sendo o maior pesadelo para os aventureiros vagando pela Terra Abandonada.
A presa deste perseguidor carmesim é deixada apenas para aguardar uma morte brutal sob sua sombra imponente."
50402,"Entre os Muzuru, Nurbahar é conhecido como um caçador especialmente feroz.
Com um enorme arco grande de osso e chifre tecido de ossos e chifres, ele perfura presas distantes e, com tiros esmagadores que trazem uma ampla campo de batalha dentro do alcance, é chamado de “Twilight Hunter” pelos aventureiros."
50411,"No dia em que a Torre foi aberta, deixando para trás o céu em ruínas, Behemoth revelou-se ao mundo.
Desde seus passos sacudindo o chão, presas gigantes que perfuram até as paredes do castelo, até sua resiliência que torna os ataques sem sentido... tudo era exatamente como descrito em registros antigos."
50501,
50502,
50503,
50541,
50542,
50543,
50544,
50545,
50546,
50547,
50548,
50549,
50550,
50551,
50552,
50553,
50554,
50555,
50556,
50557,
50558,
50559,
50560,
50561,
50562,
50563,
50564,
50565,
50601,
50602,
50603,
50604,
50605,
50606,
50607,
50608,
50609,
50610,
50611,
50612,
50613,
50614,
50615,
50616,
50617,
50618,
50619,
50620,
50621,
50622,
50623,
50624,
50625,
50626,
50627,
50628,
50629,
50630,
50631,
50632,
50633,
50634,
50635,
50636,
50637,
50638,
50639,
50640,
50641,
50642,
50643,
50644,
50645,
50646,
50647,
50648,
50649,
50650,
50651,
50652,
50653,
50654,
50655,
50656,
50657,
50658,
50659,
50660,
1010101,
1010102,
1010103,
1010104,
1010201,
1010202,
1010203,
1010204,
1010205,
1010251,
1010252,
1010253,
1010254,
1010255,
1010301,
1010302,
1010303,
1010304,
1010305,
1010401,"Gishkal, o antigo porteiro que guarda o primeiro andar da Torre, é a encarnação de chamas ferozes tão ferozes quanto um vulcão vivo.
Sempre que Gishkal bate com o punho no chão, o eixo da Terra treme e a lava quente flui indefinidamente sobre sua carne rachada.
Até que tudo seja queimado, até mesmo os movimentos simples de Gishkal serão um desastre."
1010501,
1010502,
1010503,
1010504,
1010505,
1010506,
1010507,
1010508,
1010509,
1010510,
1010511,
1010512,
1010513,
1010514,
1010515,
1010601,
1010602,
1010603,
1010611,
1010612,
1010613,
1010614,
1010615,
1010616,
1010617,
1010618,
1010619,
1010620,
1010621,
1010622,
1010623,
1010624,
1010625,
1010626,
1010627,
1010628,
1010629,
1010630,
1010631,
1010632,
1010633,
1010634,
1010635,
1010636,
1010637,
1020101,
1020102,
1020103,
1020104,
1020201,
1020202,
1020203,
1020204,
1020205,
1020251,
1020252,
1020253,
1020254,
1020255,
1020301,
1020302,
1020303,
1020304,
1020305,
1020401,"Halpasiam, o grande espadachim antigo que guarda o 2º andar da Torre, é frequentemente chamado de 'Lâmina que Esculpe a Morte Fria'.
Tudo congela sempre que ele empunha sua espada gigante e afiada imbuída de energia negra e fria em movimentos refinados. O último suspiro de vida moribunda, feridas cortadas e corpos divididos estão congelados no lugar como se o tempo tivesse parado."
1020501,
1020502,
1020503,
1020504,
1020505,
1020506,
1020507,
1020508,
1020509,
1020510,
1020511,
1020512,
1020513,
1020514,
1020515,
1020601,
1020602,
1020603,
1020604,
1020605,
1020606,
1020607,
1020608,
1020609,
1020610,
1020611,
1020612,
1020613,
1020614,
1020615,
1020616,
1020617,
1020618,
1020619,
1020620,
1020621,
1020622,
1020623,
1020624,
1020625,
1020626,
1020627,
1020628,
1020629,
1020630,
1030101,
1030102,
1030103,
1030104,
1030201,
1030202,
1030203,
1030204,
1030205,
1030251,
1030252,
1030253,
1030254,
1030255,
1030301,
1030302,
1030303,
1030304,
1030305,
1030401,"Drugamu, o juiz absoluto que guarda o 3º andar da Torre, é chamado de 'Divine Punição de um Deus Irado'.
Sempre que ele bate o pé, um raio cai do céu. Sempre que ele balança seu Porrete do Trovão, raios intermináveis ​​atingem o chão.
Não há mediação mesmo diante daqueles que desejam provar que são dignos, deixando espaço para nada além de condenação sem fim."
1030501,
1030502,
1030503,
1030504,
1030505,
1030506,
1030507,
1030508,
1030509,
1030510,
1030511,
1030512,
1030513,
1030514,
1030515,
1030601,
1030602,
1030603,
1030604,
1030605,
1030606,
1030607,
1030608,
1030609,
1030610,
1030611,
1030612,
1030613,
1030614,
1030615,
1030616,
1030617,
1030618,
1030619,
1030620,
1030621,
1030622,
1030623,
1030624,
1030625,
1030626,
1030627,
1030628,
1030629,
1030630,
1040101,
1040102,
1040103,
1040104,
1040201,
1040202,
1040203,
1040204,
1040205,
1040251,
1040252,
1040253,
1040254,
1040255,
1040301,
1040302,
1040303,
1040304,
1040305,
1040401,"Arcanon, o Farseer do Absoluto que guarda o 4º andar, é conhecido como o 'Olho do Vazio'. 
Em um único movimento amplo, ele libera raios devastadores de energia do vazio de seus braços e baú,
consumindo completamente o campo de batalha antes que alguém possa reagir.
Diante de seu olhar penetrante,
não há mais lugar para se esconder."
1040501,
1040502,
1040503,
1040504,
1040505,
1040506,
1040507,
1040508,
1040509,
1040510,
1040511,
1040512,
1040513,
1040514,
1040515,
1040601,
1040602,
1040603,
1040604,
1040605,
1040606,
1040607,
1040608,
1040609,
1040610,
1040611,
1040612,
1040613,
1040614,
1040615,
1040616,
1040617,
1040618,
1040619,
1040620,
1040621,
1040622,
1040623,
1040624,
1040625,
1040626,
1040627,
1040628,
1040629,
1040630,
