Id,Name,SubName,Desc
500201,Fortress of Wrath,Abyss Battlefield 1F,Fortaleza estratégica capturável através da Batalha da Fortaleza Abissal
500202,Fortress of Fierce Combat,Abyss Battlefield 1F,Fortaleza estratégica capturável através da Batalha da Fortaleza Abissal
500203,Fortress of Tremors,Abyss Battlefield 1F,Fortaleza estratégica capturável através da Batalha da Fortaleza Abissal
500204,Redoubt of Valor,Abyss Battlefield 1F,
500205,Redoubt of Resilience,Abyss Battlefield 1F,
500206,Redoubt of Determination,Abyss Battlefield 1F,
500207,Throne of Ruin,Abyss Battlefield 1F,
500208,Arena of Valor,Abyss Battlefield 1F,
500209,Arena of Resilience,Abyss Battlefield 1F,
500210,Arena of Determination,Abyss Battlefield 1F,
500211,,,
500212,,,
500213,,,
500214,,,
500215,,,
500216,,,
500217,,,
500301,Fortress of Bloodshed,Abyss Battlefield 2F,Fortaleza estratégica capturável através da Batalha da Fortaleza Abissal
500302,Fortress of Slaughter,Abyss Battlefield 2F,Fortaleza estratégica capturável através da Batalha da Fortaleza Abissal
500303,Fortress of Frenzy,Abyss Battlefield 2F,Fortaleza estratégica capturável através da Batalha da Fortaleza Abissal
500304,Redoubt of Resolve,Abyss Battlefield 2F,
500305,Redoubt of Invincible,Abyss Battlefield 2F,
500306,Redoubt of Torment,Abyss Battlefield 2F,
500307,Throne of Apocalypse,Abyss Battlefield 2F,
500308,Arena of Resolve,Abyss Battlefield 2F,
500309,Arena of Triumph,Abyss Battlefield 2F,
500310,Arena of Torment,Abyss Battlefield 2F,
500311,,,
500312,,,
500313,,,
500314,,,
500315,,,
500316,,,
500317,,,
