PermissionType,Name
0,Mudar Emblema
24,Alterar nome do clã
1,Anúncio do Clã
2,Descrição do clã
3,Líder delegado do clã
4,Alterar classificação
5,Editar permissões
6,Alterar método de junção
7,Aceitar adesão
8,Convite do clã
9,Expulsar membro
10,Formulário Esquadrão
27,Esquadrão de Dissolução Forçada
11,Registro do Monólito
12,Registrar Item para Venda
13,Distribuir recursos
14,Usar Item do Clã
15,Compre produtos do clã
16,Editar Preço de Venda do Buff
17,Diplomacia do Clã
18,Algoritmo do Governante
19,Convocar Membro do Clã
20,Suporte de recursos da aliança
21,Expandir o Vault
22,Pesquisa do Clã
23,Semente de réplica
25,Expedição do Clã
26,Reivindicar recompensas de missão
28,Hall of Proof
