Id,SubName
90010120020,Derrote tantos monstros quanto possível no tempo restante
90010130020,Derrote tantos monstros quanto possível no tempo restante
90010140020,Derrote tantos monstros quanto possível no tempo restante
90010150020,Derrote tantos monstros quanto possível no tempo restante
90010160020,Derrote tantos monstros quanto possível no tempo restante
90010220020,Derrote tantos monstros quanto possível no tempo restante
90010230020,Derrote tantos monstros quanto possível no tempo restante
90010240020,Derrote tantos monstros quanto possível no tempo restante
90010250020,Derrote tantos monstros quanto possível no tempo restante
90010260020,Derrote tantos monstros quanto possível no tempo restante
90010320020,Derrote tantos monstros quanto possível no tempo restante
90010330020,Derrote tantos monstros quanto possível no tempo restante
90010340020,Derrote tantos monstros quanto possível no tempo restante
90010350020,Derrote tantos monstros quanto possível no tempo restante
90010360020,Derrote tantos monstros quanto possível no tempo restante
90010420020,Derrote tantos monstros quanto possível no tempo restante
90010430020,Derrote tantos monstros quanto possível no tempo restante
90010440020,Derrote tantos monstros quanto possível no tempo restante
90010450020,Derrote tantos monstros quanto possível no tempo restante
90010460020,Derrote tantos monstros quanto possível no tempo restante
90010520020,Derrote tantos monstros quanto possível no tempo restante
90010530020,Derrote tantos monstros quanto possível no tempo restante
90010540020,Derrote tantos monstros quanto possível no tempo restante
90010550020,Derrote tantos monstros quanto possível no tempo restante
90010560020,Derrote tantos monstros quanto possível no tempo restante
90010620020,Derrote tantos monstros quanto possível no tempo restante
90010630020,Derrote tantos monstros quanto possível no tempo restante
90010640020,Derrote tantos monstros quanto possível no tempo restante
90010650020,Derrote tantos monstros quanto possível no tempo restante
90010660020,Derrote tantos monstros quanto possível no tempo restante
90010720020,Derrote tantos monstros quanto possível no tempo restante
90010730020,Derrote tantos monstros quanto possível no tempo restante
90010740020,Derrote tantos monstros quanto possível no tempo restante
90010750020,Derrote tantos monstros quanto possível no tempo restante
90010760020,Derrote tantos monstros quanto possível no tempo restante
90010820020,Derrote tantos monstros quanto possível no tempo restante
90010830020,Derrote tantos monstros quanto possível no tempo restante
90010840020,Derrote tantos monstros quanto possível no tempo restante
90010850020,Derrote tantos monstros quanto possível no tempo restante
90010860020,Derrote tantos monstros quanto possível no tempo restante
90010920020,Derrote tantos monstros quanto possível no tempo restante
90010930020,Derrote tantos monstros quanto possível no tempo restante
90010940020,Derrote tantos monstros quanto possível no tempo restante
90010950020,Derrote tantos monstros quanto possível no tempo restante
90010960020,Derrote tantos monstros quanto possível no tempo restante
