DungeonInfoId,PlaceGroupName,PlaceName,Name
8110101,Convite Angbar Ⅰ,Fácil,Gishkal o Lava Fist
8110102,Convite Angbar Ⅰ,Normal,Gishkal o Lava Fist
8110103,Convite Angbar Ⅰ,Difícil,Gishkal o Lava Fist
8110201,Convite Angbar Ⅱ,Fácil,Halpasiam a Lâmina Congelada
8110202,Convite Angbar Ⅱ,Normal,Halpasiam a Lâmina Congelada
8110203,Convite Angbar Ⅱ,Difícil,Halpasiam a Lâmina Congelada
8110301,Convite Angbar Ⅲ,Fácil,Drugamu a Maça do Trovão
8110302,Convite Angbar Ⅲ,Normal,Drugamu a Maça do Trovão
8110303,Convite Angbar Ⅲ,Difícil,Drugamu a Maça do Trovão
8110401,Convite Angbar IV,Fácil,Farseer Arcanon
8110402,Convite Angbar IV,Normal,Farseer Arcanon
8110403,Convite Angbar IV,Difícil,Farseer Arcanon
