Id,Name,DifficultyName,Description,Story,BattleGuide,GoalTitle,GoalDesc,StringParam,Param,ClearDescription
11010101,Trial Gates {StringParam},Nível {IntParam},Abra caminho pelas hordas de monstros em Ancient Ruins e elimine a ameaça escondida nas profundezas.,,,,,1-1,Ancient Ruins,Você passou na Provação de Atrahasis.
11010102,Trial Gates {StringParam},Nível {IntParam},Derrote {Param}{jstag:}.,,,,,1-2,Kuduru Sorcerer,Você passou na Provação de Atrahasis.
11010103,Trial Gates {StringParam},Nível {IntParam},Defenda a Tocha Sagrada da fúria dos monstros em Desolate Citadel.,,,,,1-3,,Você passou na Provação de Atrahasis.
11010104,Trial Gates {StringParam},Nível {IntParam},Derrote {Param}{jstag:}.,,,,,1-4,Blue Wyvern,Você passou na Provação de Atrahasis.
11010105,Trial Gates {StringParam},Nível {IntParam},Abra caminho pelas hordas de monstros em Deepwood Citadel e elimine a ameaça escondida nas profundezas.,,,,,1-5,,Você passou na Provação de Atrahasis.
11010106,Trial Gates {StringParam},Nível {IntParam},Derrote {Param}{jstag:}.,,,,,1-6,Thorn Boar,Você passou na Provação de Atrahasis.
11010107,Trial Gates {StringParam},Nível {IntParam},Defenda a Tocha Sagrada da fúria dos monstros em Desolate Citadel.,,,,,1-7,,Você passou na Provação de Atrahasis.
11010108,Trial Gates {StringParam},Nível {IntParam},Derrote {Param}{jstag:}.,,,,,1-8,Karugura,Você passou na Provação de Atrahasis.
11010109,Trial Gates {StringParam},Nível {IntParam},Abra caminho pelas hordas de monstros em Ancient Ruins e elimine a ameaça escondida nas profundezas.,,,,,1-9,,Você passou na Provação de Atrahasis.
11010110,Trial Gates {StringParam},Nível {IntParam},Derrote {Param}{jstag:}.,,,,,1-10,Gray Wyvern,Você passou na Provação de Atrahasis.
11010111,Trial Gates {StringParam},Nível {IntParam},Defenda a Tocha Sagrada da fúria dos monstros em Desolate Citadel.,,,,,1-11,,Você passou na Provação de Atrahasis.
11010112,Trial Gates {StringParam},Nível {IntParam},Derrote {Param}{jstag:}.,,,,,1-12,Sandmaw,Você passou na Provação de Atrahasis.
11010113,Trial Gates {StringParam},Nível {IntParam},Abra caminho pelas hordas de monstros em Deepwood Citadel e elimine a ameaça escondida nas profundezas.,,,,,1-13,,Você passou na Provação de Atrahasis.
11010114,Trial Gates {StringParam},Nível {IntParam},Derrote {Param}{jstag:}.,,,,,1-14,Adamantine Beast,Você passou na Provação de Atrahasis.
11010115,Trial Gates {StringParam},Nível {IntParam},Derrote {Param}{jstag:}.,,,,,1-15,Karugura,Você passou na Provação de Atrahasis.
11010201,Trial Gates {StringParam},Nível {IntParam},Abra caminho pelas hordas de monstros em Ancient Ruins e elimine a ameaça escondida nas profundezas.,,,,,2-1,,Você passou na Provação de Atrahasis.
11010202,Trial Gates {StringParam},Nível {IntParam},Derrote {Param}{jstag:}.,,,,,2-2,Shagriga,Você passou na Provação de Atrahasis.
11010203,Trial Gates {StringParam},Nível {IntParam},Defenda a Tocha Sagrada da fúria dos monstros em Desolate Citadel.,,,,,2-3,,Você passou na Provação de Atrahasis.
11010204,Trial Gates {StringParam},Nível {IntParam},Derrote {Param}{jstag:}.,,,,,2-4,Ereshianna,Você passou na Provação de Atrahasis.
11010205,Trial Gates {StringParam},Nível {IntParam},Abra caminho pelas hordas de monstros em Deepwood Citadel e elimine a ameaça escondida nas profundezas.,,,,,2-5,,Você passou na Provação de Atrahasis.
11010206,Trial Gates {StringParam},Nível {IntParam},Derrote {Param}{jstag:}.,,,,,2-6,Saharnugal,Você passou na Provação de Atrahasis.
11010207,Trial Gates {StringParam},Nível {IntParam},Defenda a Tocha Sagrada da fúria dos monstros em Desolate Citadel.,,,,,2-7,,Você passou na Provação de Atrahasis.
11010208,Trial Gates {StringParam},Nível {IntParam},Derrote {Param}{jstag:}.,,,,,2-8,Thunderbird,Você passou na Provação de Atrahasis.
11010209,Trial Gates {StringParam},Nível {IntParam},Abra caminho pelas hordas de monstros em Ancient Ruins e elimine a ameaça escondida nas profundezas.,,,,,2-9,,Você passou na Provação de Atrahasis.
11010210,Trial Gates {StringParam},Nível {IntParam},Derrote {Param}{jstag:}.,,,,,2-10,Shagriga,Você passou na Provação de Atrahasis.
11010211,Trial Gates {StringParam},Nível {IntParam},Defenda a Tocha Sagrada da fúria dos monstros em Desolate Citadel.,,,,,2-11,,Você passou na Provação de Atrahasis.
11010212,Trial Gates {StringParam},Nível {IntParam},Derrote {Param}{jstag:}.,,,,,2-12,Giant Majestic Wyvern,Você passou na Provação de Atrahasis.
11010213,Trial Gates {StringParam},Nível {IntParam},Abra caminho pelas hordas de monstros em Deepwood Citadel e elimine a ameaça escondida nas profundezas.,,,,,2-13,,Você passou na Provação de Atrahasis.
11010214,Trial Gates {StringParam},Nível {IntParam},Derrote {Param}{jstag:}.,,,,,2-14,Ereshianna,Você passou na Provação de Atrahasis.
11010215,Trial Gates {StringParam},Nível {IntParam},Derrote {Param}{jstag:}.,,,,,2-15,Saharnugal,Você passou na Provação de Atrahasis.
11020101,Trial Gates {StringParam},Nível {IntParam},Abra caminho pelas hordas de monstros em Forgotten Ruins e elimine a ameaça escondida nas profundezas.,,,,,1-16,,Você passou na Provação de Atrahasis.
11020102,Trial Gates {StringParam},Nível {IntParam},Derrote {Param}{jstag:}.,,,,,1-17,Blue Wyvern,Você passou na Provação de Atrahasis.
11020103,Trial Gates {StringParam},Nível {IntParam},Defenda a Tocha Sagrada da fúria dos monstros em Rock Fissure Fortress.,,,,,1-18,,Você passou na Provação de Atrahasis.
11020104,Trial Gates {StringParam},Nível {IntParam},Derrote {Param}{jstag:}.,,,,,1-19,Sandmaw,Você passou na Provação de Atrahasis.
11020105,Trial Gates {StringParam},Nível {IntParam},Abra caminho pelas hordas de monstros em Abyssal Pit e elimine a ameaça escondida nas profundezas.,,,,,1-20,,Você passou na Provação de Atrahasis.
11020106,Trial Gates {StringParam},Nível {IntParam},Derrote {Param}{jstag:}.,,,,,1-21,Clawed Bat,Você passou na Provação de Atrahasis.
11020107,Trial Gates {StringParam},Nível {IntParam},Defenda a Tocha Sagrada da fúria dos monstros em Rock Fissure Fortress.,,,,,1-22,,Você passou na Provação de Atrahasis.
11020108,Trial Gates {StringParam},Nível {IntParam},Derrote {Param}{jstag:}.,,,,,1-23,Tagar,Você passou na Provação de Atrahasis.
11020109,Trial Gates {StringParam},Nível {IntParam},Abra caminho pelas hordas de monstros em Forgotten Ruins e elimine a ameaça escondida nas profundezas.,,,,,1-24,,Você passou na Provação de Atrahasis.
11020110,Trial Gates {StringParam},Nível {IntParam},Derrote {Param}{jstag:}.,,,,,1-25,Ancient Beast,Você passou na Provação de Atrahasis.
11020111,Trial Gates {StringParam},Nível {IntParam},Defenda a Tocha Sagrada da fúria dos monstros em Rock Fissure Fortress.,,,,,1-26,,Você passou na Provação de Atrahasis.
11020112,Trial Gates {StringParam},Nível {IntParam},Derrote {Param}{jstag:}.,,,,,1-27,Thunderbird,Você passou na Provação de Atrahasis.
11020113,Trial Gates {StringParam},Nível {IntParam},Abra caminho pelas hordas de monstros em Abyssal Pit e elimine a ameaça escondida nas profundezas.,,,,,1-28,,Você passou na Provação de Atrahasis.
11020114,Trial Gates {StringParam},Nível {IntParam},Derrote {Param}{jstag:}.,,,,,1-29,Golden-Maned Bison,Você passou na Provação de Atrahasis.
11020115,Trial Gates {StringParam},Nível {IntParam},Derrote {Param}{jstag:}.,,,,,1-30,Tagar,Você passou na Provação de Atrahasis.
11020201,Trial Gates {StringParam},Nível {IntParam},Abra caminho pelas hordas de monstros em Forgotten Ruins e elimine a ameaça escondida nas profundezas.,,,,,2-16,,Você passou na Provação de Atrahasis.
11020202,Trial Gates {StringParam},Nível {IntParam},Derrote {Param}{jstag:}.,,,,,2-17,Daidalkur,Você passou na Provação de Atrahasis.
11020203,Trial Gates {StringParam},Nível {IntParam},Defenda a Tocha Sagrada da fúria dos monstros em Rock Fissure Fortress.,,,,,2-18,,Você passou na Provação de Atrahasis.
11020204,Trial Gates {StringParam},Nível {IntParam},Derrote {Param}{jstag:}.,,,,,2-19,Saurgir,Você passou na Provação de Atrahasis.
11020205,Trial Gates {StringParam},Nível {IntParam},Abra caminho pelas hordas de monstros em Abyssal Pit e elimine a ameaça escondida nas profundezas.,,,,,2-20,,Você passou na Provação de Atrahasis.
11020206,Trial Gates {StringParam},Nível {IntParam},Derrote {Param}{jstag:}.,,,,,2-21,Galarusia,Você passou na Provação de Atrahasis.
11020207,Trial Gates {StringParam},Nível {IntParam},Defenda a Tocha Sagrada da fúria dos monstros em Rock Fissure Fortress.,,,,,2-22,,Você passou na Provação de Atrahasis.
11020208,Trial Gates {StringParam},Nível {IntParam},Derrote {Param}{jstag:}.,,,,,2-23,Blue Wyvern,Você passou na Provação de Atrahasis.
11020209,Trial Gates {StringParam},Nível {IntParam},Abra caminho pelas hordas de monstros em Forgotten Ruins e elimine a ameaça escondida nas profundezas.,,,,,2-24,,Você passou na Provação de Atrahasis.
11020210,Trial Gates {StringParam},Nível {IntParam},Derrote {Param}{jstag:}.,,,,,2-25,Golden-Maned Bison,Você passou na Provação de Atrahasis.
11020211,Trial Gates {StringParam},Nível {IntParam},Defenda a Tocha Sagrada da fúria dos monstros em Rock Fissure Fortress.,,,,,2-26,,Você passou na Provação de Atrahasis.
11020212,Trial Gates {StringParam},Nível {IntParam},Derrote {Param}{jstag:}.,,,,,2-27,Daidalkur,Você passou na Provação de Atrahasis.
11020213,Trial Gates {StringParam},Nível {IntParam},Abra caminho pelas hordas de monstros em Abyssal Pit e elimine a ameaça escondida nas profundezas.,,,,,2-28,,Você passou na Provação de Atrahasis.
11020214,Trial Gates {StringParam},Nível {IntParam},Derrote {Param}{jstag:}.,,,,,2-29,Saurgir,Você passou na Provação de Atrahasis.
11020215,Trial Gates {StringParam},Nível {IntParam},Derrote {Param}{jstag:}.,,,,,2-30,Galarusia,Você passou na Provação de Atrahasis.
11030101,Trial Gates {StringParam},Nível {IntParam},Abra caminho pelas hordas de monstros em Ancient Ruins e elimine a ameaça escondida nas profundezas.,,,,,1-31,,Você passou na Provação de Atrahasis.
11030102,Trial Gates {StringParam},Nível {IntParam},Derrote {Param}{jstag:}.,,,,,1-32,Bladed Bat,Você passou na Provação de Atrahasis.
11030103,Trial Gates {StringParam},Nível {IntParam},Defenda a Tocha Sagrada da fúria dos monstros em Desolate Citadel.,,,,,1-33,,Você passou na Provação de Atrahasis.
11030104,Trial Gates {StringParam},Nível {IntParam},Derrote {Param}{jstag:}.,,,,,1-34,Gigaz,Você passou na Provação de Atrahasis.
11030105,Trial Gates {StringParam},Nível {IntParam},Abra caminho pelas hordas de monstros em Forgotten Ruins e elimine a ameaça escondida nas profundezas.,,,,,1-35,,Você passou na Provação de Atrahasis.
11030106,Trial Gates {StringParam},Nível {IntParam},Derrote {Param}{jstag:}.,,,,,1-36,Golden-Maned Bison,Você passou na Provação de Atrahasis.
11030107,Trial Gates {StringParam},Nível {IntParam},Defenda a Tocha Sagrada da fúria dos monstros em Desolate Citadel.,,,,,1-37,,Você passou na Provação de Atrahasis.
11030108,Trial Gates {StringParam},Nível {IntParam},Derrote {Param}{jstag:}.,,,,,1-38,Urukkur,Você passou na Provação de Atrahasis.
11030109,Trial Gates {StringParam},Nível {IntParam},Abra caminho pelas hordas de monstros em Deepwood Citadel e elimine a ameaça escondida nas profundezas.,,,,,1-39,,Você passou na Provação de Atrahasis.
11030110,Trial Gates {StringParam},Nível {IntParam},Derrote {Param}{jstag:}.,,,,,1-40,Kuduru Sorcerer,Você passou na Provação de Atrahasis.
11030111,Trial Gates {StringParam},Nível {IntParam},Defenda a Tocha Sagrada da fúria dos monstros em Desolate Citadel.,,,,,1-41,,Você passou na Provação de Atrahasis.
11030112,Trial Gates {StringParam},Nível {IntParam},Derrote {Param}{jstag:}.,,,,,1-42,Gigaz,Você passou na Provação de Atrahasis.
11030113,Trial Gates {StringParam},Nível {IntParam},Abra caminho pelas hordas de monstros em Abyssal Pit e elimine a ameaça escondida nas profundezas.,,,,,1-43,,Você passou na Provação de Atrahasis.
11030114,Trial Gates {StringParam},Nível {IntParam},Derrote {Param}{jstag:}.,,,,,1-44,Majestic Wyvern,Você passou na Provação de Atrahasis.
11030115,Trial Gates {StringParam},Nível {IntParam},Derrote {Param}{jstag:}.,,,,,1-45,Urukkur,Você passou na Provação de Atrahasis.
11030201,Trial Gates {StringParam},Nível {IntParam},Abra caminho pelas hordas de monstros em Ancient Ruins e elimine a ameaça escondida nas profundezas.,,,,,2-31,,Você passou na Provação de Atrahasis.
11030202,Trial Gates {StringParam},Nível {IntParam},Derrote {Param}{jstag:}.,,,,,2-32,Gigaz,Você passou na Provação de Atrahasis.
11030203,Trial Gates {StringParam},Nível {IntParam},Defenda a Tocha Sagrada da fúria dos monstros em Desolate Citadel.,,,,,2-33,,Você passou na Provação de Atrahasis.
11030204,Trial Gates {StringParam},Nível {IntParam},Derrote {Param}{jstag:}.,,,,,2-34,Clawed Bat,Você passou na Provação de Atrahasis.
11030205,Trial Gates {StringParam},Nível {IntParam},Abra caminho pelas hordas de monstros em Forgotten Ruins e elimine a ameaça escondida nas profundezas.,,,,,2-35,,Você passou na Provação de Atrahasis.
11030206,Trial Gates {StringParam},Nível {IntParam},Derrote {Param}{jstag:}.,,,,,2-36,Kuduru Great Warrior,Você passou na Provação de Atrahasis.
11030207,Trial Gates {StringParam},Nível {IntParam},Defenda a Tocha Sagrada da fúria dos monstros em Desolate Citadel.,,,,,2-37,,Você passou na Provação de Atrahasis.
11030208,Trial Gates {StringParam},Nível {IntParam},Derrote {Param}{jstag:}.,,,,,2-38,Great Sandmaw,Você passou na Provação de Atrahasis.
11030209,Trial Gates {StringParam},Nível {IntParam},Abra caminho pelas hordas de monstros em Deepwood Citadel e elimine a ameaça escondida nas profundezas.,,,,,2-39,,Você passou na Provação de Atrahasis.
11030210,Trial Gates {StringParam},Nível {IntParam},Derrote {Param}{jstag:}.,,,,,2-40,Blue Wyvern,Você passou na Provação de Atrahasis.
11030211,Trial Gates {StringParam},Nível {IntParam},Defenda a Tocha Sagrada da fúria dos monstros em Desolate Citadel.,,,,,2-41,,Você passou na Provação de Atrahasis.
11030212,Trial Gates {StringParam},Nível {IntParam},Derrote {Param}{jstag:}.,,,,,2-42,Golden-Maned Bison,Você passou na Provação de Atrahasis.
11030213,Trial Gates {StringParam},Nível {IntParam},Abra caminho pelas hordas de monstros em Abyssal Pit e elimine a ameaça escondida nas profundezas.,,,,,2-43,,Você passou na Provação de Atrahasis.
11030214,Trial Gates {StringParam},Nível {IntParam},Derrote {Param}{jstag:}.,,,,,2-44,Thunderbird,Você passou na Provação de Atrahasis.
11030215,Trial Gates {StringParam},Nível {IntParam},Derrote {Param}{jstag:}.,,,,,2-45,Urukkur,Você passou na Provação de Atrahasis.
11040101,Trial Gates {StringParam},Nível {IntParam},Abra caminho pelas hordas de monstros em Glacial Skyhold e elimine a ameaça escondida nas profundezas.,,,,,1-46,,Você passou na Provação de Atrahasis.
11040102,Trial Gates {StringParam},Nível {IntParam},Derrote {Param}{jstag:}.,,,,,1-47,Sandmaw,Você passou na Provação de Atrahasis.
11040103,Trial Gates {StringParam},Nível {IntParam},Defenda a Tocha Sagrada da fúria dos monstros em Rock Fissure Fortress.,,,,,1-48,,Você passou na Provação de Atrahasis.
11040104,Trial Gates {StringParam},Nível {IntParam},Derrote {Param}{jstag:}.,,,,,1-49,Mushugal,Você passou na Provação de Atrahasis.
11040105,Trial Gates {StringParam},Nível {IntParam},Abra caminho pelas hordas de monstros em Deepwood Citadel e elimine a ameaça escondida nas profundezas.,,,,,1-50,,Você passou na Provação de Atrahasis.
11040106,Trial Gates {StringParam},Nível {IntParam},Derrote {Param}{jstag:}.,,,,,1-51,Blue Wyvern,Você passou na Provação de Atrahasis.
11040107,Trial Gates {StringParam},Nível {IntParam},Defenda a Tocha Sagrada da fúria dos monstros em Rock Fissure Fortress.,,,,,1-52,,Você passou na Provação de Atrahasis.
11040108,Trial Gates {StringParam},Nível {IntParam},Derrote {Param}{jstag:}.,,,,,1-53,Kirjur,Você passou na Provação de Atrahasis.
11040109,Trial Gates {StringParam},Nível {IntParam},Abra caminho pelas hordas de monstros em Glacial Skyhold e elimine a ameaça escondida nas profundezas.,,,,,1-54,,Você passou na Provação de Atrahasis.
11040110,Trial Gates {StringParam},Nível {IntParam},Derrote {Param}{jstag:}.,,,,,1-55,Thunderbird,Você passou na Provação de Atrahasis.
11040111,Trial Gates {StringParam},Nível {IntParam},Defenda a Tocha Sagrada da fúria dos monstros em Rock Fissure Fortress.,,,,,1-56,,Você passou na Provação de Atrahasis.
11040112,Trial Gates {StringParam},Nível {IntParam},Derrote {Param}{jstag:}.,,,,,1-57,Mushugal,Você passou na Provação de Atrahasis.
11040113,Trial Gates {StringParam},Nível {IntParam},Abra caminho pelas hordas de monstros em Abyssal Pit e elimine a ameaça escondida nas profundezas.,,,,,1-58,,Você passou na Provação de Atrahasis.
11040114,Trial Gates {StringParam},Nível {IntParam},Derrote {Param}{jstag:}.,,,,,1-59,Kuduru Great Warrior,Você passou na Provação de Atrahasis.
11040115,Trial Gates {StringParam},Nível {IntParam},Derrote {Param}{jstag:}.,,,,,1-60,Kirjur,Você passou na Provação de Atrahasis.
11040201,Trial Gates {StringParam},Nível {IntParam},Abra caminho pelas hordas de monstros em Glacial Skyhold e elimine a ameaça escondida nas profundezas.,,,,,2-46,,Você passou na Provação de Atrahasis.
11040202,Trial Gates {StringParam},Nível {IntParam},Derrote {Param}{jstag:}.,,,,,2-47,Thorn Boar,Você passou na Provação de Atrahasis.
11040203,Trial Gates {StringParam},Nível {IntParam},Defenda a Tocha Sagrada da fúria dos monstros em Rock Fissure Fortress.,,,,,2-48,,Você passou na Provação de Atrahasis.
11040204,Trial Gates {StringParam},Nível {IntParam},Derrote {Param}{jstag:}.,,,,,2-49,Mushugal,Você passou na Provação de Atrahasis.
11040205,Trial Gates {StringParam},Nível {IntParam},Abra caminho pelas hordas de monstros em Deepwood Citadel e elimine a ameaça escondida nas profundezas.,,,,,2-50,,Você passou na Provação de Atrahasis.
11040206,Trial Gates {StringParam},Nível {IntParam},Derrote {Param}{jstag:}.,,,,,2-51,Giant Majestic Wyvern,Você passou na Provação de Atrahasis.
11040207,Trial Gates {StringParam},Nível {IntParam},Defenda a Tocha Sagrada da fúria dos monstros em Rock Fissure Fortress.,,,,,2-52,,Você passou na Provação de Atrahasis.
11040208,Trial Gates {StringParam},Nível {IntParam},Derrote {Param}{jstag:}.,,,,,2-53,Great Lord of the Forest,Você passou na Provação de Atrahasis.
11040209,Trial Gates {StringParam},Nível {IntParam},Abra caminho pelas hordas de monstros em Glacial Skyhold e elimine a ameaça escondida nas profundezas.,,,,,2-54,,Você passou na Provação de Atrahasis.
11040210,Trial Gates {StringParam},Nível {IntParam},Derrote {Param}{jstag:}.,,,,,2-55,Giant Carapace Beast,Você passou na Provação de Atrahasis.
11040211,Trial Gates {StringParam},Nível {IntParam},Defenda a Tocha Sagrada da fúria dos monstros em Rock Fissure Fortress.,,,,,2-56,,Você passou na Provação de Atrahasis.
11040212,Trial Gates {StringParam},Nível {IntParam},Derrote {Param}{jstag:}.,,,,,2-57,Thunderbird,Você passou na Provação de Atrahasis.
11040213,Trial Gates {StringParam},Nível {IntParam},Abra caminho pelas hordas de monstros em Abyssal Pit e elimine a ameaça escondida nas profundezas.,,,,,2-58,,Você passou na Provação de Atrahasis.
11040214,Trial Gates {StringParam},Nível {IntParam},Derrote {Param}{jstag:}.,,,,,2-59,Kuduru Great Warrior,Você passou na Provação de Atrahasis.
11040215,Trial Gates {StringParam},Nível {IntParam},Derrote {Param}{jstag:}.,,,,,2-60,Kirjur,Você passou na Provação de Atrahasis.
11050101,Trial Gates {StringParam},Nível {IntParam},Abra caminho pelas hordas de monstros em Unclaimed Woods e elimine o perigo escondido nas profundezas.,,,,,3-1,,Você passou na Provação de Atrahasis.
11050102,Trial Gates {StringParam},Nível {IntParam},Defenda a Tocha Sagrada da fúria dos monstros em Ashen Crow Island.,,,,,3-2,,Você passou na Provação de Atrahasis.
11050103,Trial Gates {StringParam},Nível {IntParam},Abra caminho pelas hordas de monstros em Azure Threads e elimine o perigo escondido nas profundezas.,,,,,3-3,,Você passou na Provação de Atrahasis.
11050104,Trial Gates {StringParam},Nível {IntParam},Derrote {Param}{jstag:}.,,,,,3-4,Blue Wyvern,Você passou na Provação de Atrahasis.
11050105,Trial Gates {StringParam},Nível {IntParam},Abra caminho pelas hordas de monstros em Risen Ruins e elimine o perigo escondido nas profundezas.,,,,,3-5,,Você passou na Provação de Atrahasis.
11050106,Trial Gates {StringParam},Nível {IntParam},Defenda a Tocha Sagrada da fúria dos monstros em Ashen Crow Island.,,,,,3-6,,Você passou na Provação de Atrahasis.
11050107,Trial Gates {StringParam},Nível {IntParam},Abra caminho pelas hordas de monstros em Unclaimed Woods e elimine o perigo escondido nas profundezas.,,,,,3-7,,Você passou na Provação de Atrahasis.
11050108,Trial Gates {StringParam},Nível {IntParam},Derrote {Param}{jstag:}.,,,,,3-8,Gigaz,Você passou na Provação de Atrahasis.
11050109,Trial Gates {StringParam},Nível {IntParam},Abra caminho pelas hordas de monstros em Azure Threads e elimine o perigo escondido nas profundezas.,,,,,3-9,,Você passou na Provação de Atrahasis.
11050110,Trial Gates {StringParam},Nível {IntParam},Defenda a Tocha Sagrada da fúria dos monstros em Ashen Crow Island.,,,,,3-10,,Você passou na Provação de Atrahasis.
11050111,Trial Gates {StringParam},Nível {IntParam},Abra caminho pelas hordas de monstros em Risen Ruins e elimine o perigo escondido nas profundezas.,,,,,3-11,,Você passou na Provação de Atrahasis.
11050112,Trial Gates {StringParam},Nível {IntParam},Derrote {Param}{jstag:}.,,,,,3-12,Bladed Bat,Você passou na Provação de Atrahasis.
11050113,Trial Gates {StringParam},Nível {IntParam},Abra caminho pelas hordas de monstros em Unclaimed Woods e elimine o perigo escondido nas profundezas.,,,,,3-13,,Você passou na Provação de Atrahasis.
11050114,Trial Gates {StringParam},Nível {IntParam},Derrote {Param}{jstag:}.,,,,,3-14,Golden-Maned Bison,Você passou na Provação de Atrahasis.
11050115,Trial Gates {StringParam},Nível {IntParam},Derrote {Param}{jstag:}.,,,,,3-15,Urukkur,Você passou na Provação de Atrahasis.
11050201,Trial Gates {StringParam},Nível {IntParam},Abra caminho pelas hordas de monstros em Glacial Skyhold e elimine a ameaça escondida nas profundezas.,,,,,3-16,,Você passou na Provação de Atrahasis.
11050202,Trial Gates {StringParam},Nível {IntParam},Derrote {Param}{jstag:}.,,,,,3-17,,Você passou na Provação de Atrahasis.
11050203,Trial Gates {StringParam},Nível {IntParam},Abra caminho pelas hordas de monstros em Unclaimed Woods e elimine o perigo escondido nas profundezas.,,,,,3-18,,Você passou na Provação de Atrahasis.
11050204,Trial Gates {StringParam},Nível {IntParam},Derrote {Param}{jstag:}.,,,,,3-19,Mushugal,Você passou na Provação de Atrahasis.
11050205,Trial Gates {StringParam},Nível {IntParam},Abra caminho pelas hordas de monstros em Deepwood Citadel e elimine a ameaça escondida nas profundezas.,,,,,3-20,,Você passou na Provação de Atrahasis.
11050206,Trial Gates {StringParam},Nível {IntParam},Derrote {Param}{jstag:}.,,,,,3-21,,Você passou na Provação de Atrahasis.
11050207,Trial Gates {StringParam},Nível {IntParam},Defenda a Tocha Sagrada da fúria dos monstros em Rock Fissure Fortress.,,,,,3-22,,Você passou na Provação de Atrahasis.
11050208,Trial Gates {StringParam},Nível {IntParam},Derrote {Param}{jstag:}.,,,,,3-23,Great Lord of the Forest,Você passou na Provação de Atrahasis.
11050209,Trial Gates {StringParam},Nível {IntParam},Abra caminho pelas hordas de monstros em Unclaimed Woods e elimine o perigo escondido nas profundezas.,,,,,3-24,,Você passou na Provação de Atrahasis.
11050210,Trial Gates {StringParam},Nível {IntParam},Derrote {Param}{jstag:}.,,,,,3-25,,Você passou na Provação de Atrahasis.
11050211,Trial Gates {StringParam},Nível {IntParam},Defenda a Tocha Sagrada da fúria dos monstros em Rock Fissure Fortress.,,,,,3-26,,Você passou na Provação de Atrahasis.
11050212,Trial Gates {StringParam},Nível {IntParam},Derrote {Param}{jstag:}.,,,,,3-27,Thunderbird,Você passou na Provação de Atrahasis.
11050213,Trial Gates {StringParam},Nível {IntParam},Abra caminho pelas hordas de monstros em Abyssal Pit e elimine a ameaça escondida nas profundezas.,,,,,3-28,,Você passou na Provação de Atrahasis.
11050214,Trial Gates {StringParam},Nível {IntParam},Derrote {Param}{jstag:}.,,,,,3-29,Kuduru Great Warrior,Você passou na Provação de Atrahasis.
11050215,Trial Gates {StringParam},Nível {IntParam},Derrote {Param}{jstag:}.,,,,,3-30,Urukkur,Você passou na Provação de Atrahasis.
11500101,???,,<Talim>overcome or fall</>,,,,,,,<Talim>overcome</>
11500102,???,,<Talim>face the trial</>,,,,,,,<Talim>faced</>
11500103,???,,<Talim>conquer the trial</>,,,,,,,<Talim>conquered</>
11500104,???,,<Talim>step into fate</>,,,,,,,<Talim>stepped out</>
11500105,???,,<Talim>trial awaits</>,,,,,,,<Talim>ended</>
11500106,???,,<Talim>defy the impossible</>,,,,,,,<Talim>achieved</>
11500107,???,,<Talim>fear fear itself</>,,,,,,,<Talim>calmed</>
11500108,???,,<Talim>live or leave</>,,,,,,,<Talim>passed</>
11500109,???,,<Talim>light the long dark</>,,,,,,,<Talim>pointed</>
11500110,???,,<Talim>be arrogant and subjugated</>,,,,,,,<Talim>soften</>
11500111,???,,<Talim>kill inner noise</>,,,,,,,<Talim>have mercy</>
11500112,???,,<Talim>through the trial</>,,,,,,,<Talim>handed</>
11500113,???,,<Talim>shatter the illusion</>,,,,,,,<Talim>shattered</>
11500114,???,,<Talim>drown in echoes</>,,,,,,,<Talim>surfaced</>
11500115,???,,<Talim>bleed for tomorrow</>,,,,,,,<Talim>bled</>
11500116,???,,<Talim>embrace the abyss</>,,,,,,,<Talim>embraced</>
11500117,???,,<Talim>walk the unseen path</>,,,,,,,<Talim>walked</>
11500118,???,,<Talim>burn the ashes</>,,,,,,,<Talim>burned</>
11500119,???,,<Talim>endure the burden</>,,,,,,,<Talim>withstood</>
11500120,???,,<Talim>face the tide</>,,,,,,,<Talim>remained</>
11500201,Halo Rift {StringParam},,Derrote os monstros antes que o tempo acabe para ganhar recompensas.,,,,,I,,Halo Rift concluído.
11500202,Halo Rift {StringParam},,Derrote os monstros antes que o tempo acabe para ganhar recompensas.,,,,,Ⅱ,,Halo Rift concluído.
11500203,Halo Rift {StringParam},,Derrote os monstros antes que o tempo acabe para ganhar recompensas.,,,,,Ⅲ,,Halo Rift concluído.
11500204,Halo Rift {StringParam},,Derrote os monstros antes que o tempo acabe para ganhar recompensas.,,,,,IV,,Halo Rift concluído.
11500205,Halo Rift {StringParam},,Derrote os monstros antes que o tempo acabe para ganhar recompensas.,,,,,V,,Halo Rift concluído.
11500206,Halo Rift {StringParam},,Derrote os monstros antes que o tempo acabe para ganhar recompensas.,,,,,VI,,Halo Rift concluído.
8110101,Angbar Arena {StringParam} - Easy,,Prove a força do seu clã derrotando monstros poderosos antes que o tempo acabe.,,,,,I,,As recompensas de sucesso são concedidas apenas ao clã que usou o convite.
8110102,Angbar Arena {StringParam} - Normal,,Prove a força do seu clã derrotando monstros poderosos antes que o tempo acabe.,,,,,I,,As recompensas de sucesso são concedidas apenas ao clã que usou o convite.
8110103,Angbar Arena {StringParam} - Hard,,Prove a força do seu clã derrotando monstros poderosos antes que o tempo acabe.,,,,,I,,As recompensas de sucesso são concedidas apenas ao clã que usou o convite.
8110201,Angbar Arena {StringParam} - Easy,,Prove a força do seu clã derrotando monstros poderosos antes que o tempo acabe.,,,,,Ⅱ,,As recompensas de sucesso são concedidas apenas ao clã que usou o convite.
8110202,Angbar Arena {StringParam} - Normal,,Prove a força do seu clã derrotando monstros poderosos antes que o tempo acabe.,,,,,Ⅱ,,As recompensas de sucesso são concedidas apenas ao clã que usou o convite.
8110203,Angbar Arena {StringParam} - Hard,,Prove a força do seu clã derrotando monstros poderosos antes que o tempo acabe.,,,,,Ⅱ,,As recompensas de sucesso são concedidas apenas ao clã que usou o convite.
8110301,Angbar Arena {StringParam} - Easy,,Prove a força do seu clã derrotando monstros poderosos antes que o tempo acabe.,,,,,Ⅲ,,As recompensas de sucesso são concedidas apenas ao clã que usou o convite.
8110302,Angbar Arena {StringParam} - Normal,,Prove a força do seu clã derrotando monstros poderosos antes que o tempo acabe.,,,,,Ⅲ,,As recompensas de sucesso são concedidas apenas ao clã que usou o convite.
8110303,Angbar Arena {StringParam} - Hard,,Prove a força do seu clã derrotando monstros poderosos antes que o tempo acabe.,,,,,Ⅲ,,As recompensas de sucesso são concedidas apenas ao clã que usou o convite.
8110401,Angbar Arena {StringParam} - Easy,,Prove a força do seu clã derrotando monstros poderosos antes que o tempo acabe.,,,,,Ⅳ,,As recompensas de sucesso são concedidas apenas ao clã que usou o convite.
8110402,Angbar Arena {StringParam} - Normal,,Prove a força do seu clã derrotando monstros poderosos antes que o tempo acabe.,,,,,Ⅳ,,As recompensas de sucesso são concedidas apenas ao clã que usou o convite.
8110403,Angbar Arena {StringParam} - Hard,,Prove a força do seu clã derrotando monstros poderosos antes que o tempo acabe.,,,,,Ⅳ,,As recompensas de sucesso são concedidas apenas ao clã que usou o convite.
8010200,(Test) Replica Seed - {StringParam},,Prove your clan's might by slaying cloned chefes before time runs out.,,,,,Karugura,Karugura,The replicated chefe has been subdued.
8010211,Replica Seed (Active),,"Essência de {Param} extraída pela Semente de réplica.
As células proliferam com intensidade fervente.",,,,,Karugura,Karugura,The replicated chefe has been subdued.
8010212,Replica Seed (Active),,"Essência de {Param} extraída pela Semente de réplica.
As células se multiplicam em ritmo explosivo.",,,,,Shagriga,Shagriga,The replicated chefe has been subdued.
8010213,Replica Seed (Active),,"Essência de {Param} extraída pela Semente de réplica.
As células se multiplicam em ritmo explosivo.",,,,,Ereshianna,Ereshianna,The replicated chefe has been subdued.
8010214,Replica Seed (Active),,"Essência de {Param} extraída pela Semente de réplica.
As células se multiplicam em ritmo explosivo.",,,,,Saharnugal,Saharnugal,The replicated chefe has been subdued.
8010221,Replica Seed (Active),,"Essência de {Param} extraída pela Semente de réplica.
As células proliferam com intensidade fervente.",,,,,Tagar,Tagar,The replicated chefe has been subdued.
8010222,Replica Seed (Active),,"Essência de {Param} extraída pela Semente de réplica.
As células se multiplicam em ritmo explosivo.",,,,,Daidalkur,Daidalkur,The replicated chefe has been subdued.
8010223,Replica Seed (Active),,"Essência de {Param} extraída pela Semente de réplica.
As células se multiplicam em ritmo explosivo.",,,,,Saurgir,Saurgir,The replicated chefe has been subdued.
8010224,Replica Seed (Active),,"Essência de {Param} extraída pela Semente de réplica.
As células se multiplicam em ritmo explosivo.",,,,,Galarusia,Galarusia,The replicated chefe has been subdued.
8010231,Replica Seed (Active),,"Essência de {Param} extraída pela Semente de réplica.
As células proliferam com intensidade fervente.",,,,,Gigaz,Gigaz,The replicated chefe has been subdued.
8010232,Replica Seed (Active),,"Essência de {Param} extraída pela Semente de réplica.
As células proliferam com intensidade fervente.",,,,,Urukkur,Urukkur,The replicated chefe has been subdued.
8010233,Replica Seed (Active),,"Essência de {Param} extraída pela Semente de réplica.
As células se multiplicam em ritmo explosivo.",,,,,Aluk,Aluk,The replicated chefe has been subdued.
8010234,Replica Seed (Active),,"Essência de {Param} extraída pela Semente de réplica.
As células se multiplicam em ritmo explosivo.",,,,,Kakazu,Kakazu,The replicated chefe has been subdued.
8010235,Replica Seed (Active),,"Essência de {Param} extraída pela Semente de réplica.
As células se multiplicam em ritmo explosivo.",,,,,Lugaz,Lugaz,The replicated chefe has been subdued.
8010241,Replica Seed (Active),,"Essência de {Param} extraída pela Semente de réplica.
As células proliferam com intensidade fervente.",,,,,Mushugal,Mushugal,The replicated chefe has been subdued.
8010242,Replica Seed (Active),,"Essência de {Param} extraída pela Semente de réplica.
As células proliferam com intensidade fervente.",,,,,Kirjur,Kirjur,The replicated chefe has been subdued.
8010243,Replica Seed (Active),,"Essência de {Param} extraída pela Semente de réplica.
As células se multiplicam em ritmo explosivo.",,,,,Gnumar,Gnumar,The replicated chefe has been subdued.
8010244,Replica Seed (Active),,"Essência de {Param} extraída pela Semente de réplica.
As células se multiplicam em ritmo explosivo.",,,,,Tilaga,Tilaga,The replicated chefe has been subdued.
8010245,Replica Seed (Active),,"Essência de {Param} extraída pela Semente de réplica.
As células se multiplicam em ritmo explosivo.",,,,,Shagan,Shagan,The replicated chefe has been subdued.
802010101,Clan Expedition {StringParam},Nível {IntParam},Defenda a Tocha Sagrada de Athraharis contra os monstros enfurecidos.,,,,,Level 1,,Você passou na Provação de Atrahasis.
802010102,Clan Expedition {StringParam},Nível {IntParam},Defenda a Tocha Sagrada de Athraharis contra os monstros enfurecidos.,,,,,Level 2,,Você passou na Provação de Atrahasis.
802010103,Clan Expedition {StringParam},Nível {IntParam},Defenda a Tocha Sagrada de Athraharis contra os monstros enfurecidos.,,,,,Level 3,,Você passou na Provação de Atrahasis.
802010104,Clan Expedition {StringParam},Nível {IntParam},Defenda a Tocha Sagrada de Athraharis contra os monstros enfurecidos.,,,,,Level 4,,Você passou na Provação de Atrahasis.
802010201,Clan Expedition {StringParam},Nível {IntParam},Defenda a Tocha Sagrada de Athraharis contra os monstros enfurecidos.,,,,,Level 1,,Você passou na Provação de Atrahasis.
802010202,Clan Expedition {StringParam},Nível {IntParam},Defenda a Tocha Sagrada de Athraharis contra os monstros enfurecidos.,,,,,Level 2,,Você passou na Provação de Atrahasis.
802010203,Clan Expedition {StringParam},Nível {IntParam},Defenda a Tocha Sagrada de Athraharis contra os monstros enfurecidos.,,,,,Level 3,,Você passou na Provação de Atrahasis.
802010301,Clan Expedition {StringParam},Nível {IntParam},Defenda a Tocha Sagrada de Athraharis contra os monstros enfurecidos.,,,,,Level 1,,Você passou na Provação de Atrahasis.
802010302,Clan Expedition {StringParam},Nível {IntParam},Defenda a Tocha Sagrada de Athraharis contra os monstros enfurecidos.,,,,,Level 2,,Você passou na Provação de Atrahasis.
802010303,Clan Expedition {StringParam},Nível {IntParam},Defenda a Tocha Sagrada de Athraharis contra os monstros enfurecidos.,,,,,Level 3,,Você passou na Provação de Atrahasis.
21010101,Trial of Leap {StringParam},,Siga os Fragmentos Dimensionais até o destino final.,,,,,1-1,,Provação do Ethereal Sanctum concluída.
21010102,Trial of Flight {StringParam},,Atravesse os Anéis de Luz até o destino final.,,,,,1-1,,Provação do Ethereal Sanctum concluída.
21010103,Trial of Wisdom {StringParam},,Pise nas placas de pressão para mover os blocos e chegar ao destino.,,,,,1-1,,Provação do Ethereal Sanctum concluída.
21010104,Trial of Combat {StringParam},,Derrote {Param}{jstag:} antes que o tempo acabe.,,,,,1-1,Guardian of the Treasure,Provação do Ethereal Sanctum concluída.
21010105,Trial of Leap {StringParam},,Siga os Fragmentos Dimensionais até o destino final.,,,,,1-2,,Provação do Ethereal Sanctum concluída.
21010106,Trial of Flight {StringParam},,Atravesse os Anéis de Luz até o destino final.,,,,,1-2,,Provação do Ethereal Sanctum concluída.
21010107,Trial of Wisdom {StringParam},,Acione os dispositivos para mover os blocos e chegar ao destino.,,,,,1-2,,Provação do Ethereal Sanctum concluída.
21010108,Trial of Combat {StringParam},,Derrote {Param}{jstag:} antes que o tempo acabe.,,,,,1-2,Guardian of the Treasure,Provação do Ethereal Sanctum concluída.
21010109,Trial of Leap {StringParam},,Encontre o máximo de Fragmentos Dimensionais possível e chegue ao destino.,,,,,2-1,,Provação do Ethereal Sanctum concluída.
21010110,Trial of Flight {StringParam},,Atravesse os Anéis de Luz até o destino final.,,,,,2-1,,Provação do Ethereal Sanctum concluída.
21010111,Trial of Wisdom {StringParam},,Pise nas placas de pressão para mover os blocos e chegar ao destino.,,,,,2-1,,Provação do Ethereal Sanctum concluída.
21010112,Trial of Combat {StringParam},,Derrote {Param}{jstag:} antes que o tempo acabe.,,,,,2-1,Guardian of the Treasure,Provação do Ethereal Sanctum concluída.
21010113,Trial of Flight {StringParam},,Atravesse os Anéis de Luz até o destino final.,,,,,2-2,,Provação do Ethereal Sanctum concluída.
21010114,Trial of Wisdom {StringParam},,Acione os dispositivos para mover os blocos e chegar ao destino.,,,,,2-2,,Provação do Ethereal Sanctum concluída.
21010115,Trial of Combat {StringParam},,Derrote {Param}{jstag:} antes que o tempo acabe.,,,,,2-2,Guardian of the Treasure,Provação do Ethereal Sanctum concluída.
21020101,Trial of Leap {StringParam},,Siga os Fragmentos Dimensionais até o destino final.,,,,,1-3,,Provação do Ethereal Sanctum concluída.
21020102,Trial of Flight {StringParam},,Atravesse os Anéis de Luz até o destino final.,,,,,1-3,,Provação do Ethereal Sanctum concluída.
21020103,Trial of Wisdom {StringParam},,Acione os dispositivos para mover os blocos e chegar ao destino.,,,,,1-3,,Provação do Ethereal Sanctum concluída.
21020104,Trial of Combat {StringParam},,Derrote {Param}{jstag:} antes que o tempo acabe.,,,,,1-3,Guardian of the Treasure,Provação do Ethereal Sanctum concluída.
21020105,Trial of Leap {StringParam},,Siga os Fragmentos Dimensionais até o destino final.,,,,,1-4,,Provação do Ethereal Sanctum concluída.
21020106,Trial of Flight {StringParam},,Atravesse os Anéis de Luz até o destino final.,,,,,1-4,,Provação do Ethereal Sanctum concluída.
21020107,Trial of Wisdom {StringParam},,Pise nas placas de pressão para mover os blocos e chegar ao destino.,,,,,1-4,,Provação do Ethereal Sanctum concluída.
21020108,Trial of Combat {StringParam},,Derrote {Param}{jstag:} antes que o tempo acabe.,,,,,1-4,Guardian of the Treasure,Provação do Ethereal Sanctum concluída.
21020109,Trial of Leap {StringParam},,Encontre o máximo de Fragmentos Dimensionais possível e chegue ao destino.,,,,,2-2,,Provação do Ethereal Sanctum concluída.
21020110,Trial of Flight {StringParam},,Atravesse os Anéis de Luz até o destino final.,,,,,2-3,,Provação do Ethereal Sanctum concluída.
21020111,Trial of Wisdom {StringParam},,Pise nas placas de pressão para mover os blocos e chegar ao destino.,,,,,2-3,,Provação do Ethereal Sanctum concluída.
21020112,Trial of Combat {StringParam},,Derrote {Param}{jstag:} antes que o tempo acabe.,,,,,2-3,Guardian of the Treasure,Provação do Ethereal Sanctum concluída.
21020113,Trial of Flight {StringParam},,Atravesse os Anéis de Luz até o destino final.,,,,,2-4,,Provação do Ethereal Sanctum concluída.
21020114,Trial of Wisdom {StringParam},,Acione os dispositivos para mover os blocos e chegar ao destino.,,,,,2-4,,Provação do Ethereal Sanctum concluída.
21020115,Trial of Combat {StringParam},,Derrote {Param}{jstag:} antes que o tempo acabe.,,,,,2-4,Guardian of the Treasure,Provação do Ethereal Sanctum concluída.
21030101,Trial of Leap {StringParam},,Encontre o máximo de Fragmentos Dimensionais possível e chegue ao destino.,,,,,1-5,,Provação do Ethereal Sanctum concluída.
21030102,Trial of Flight {StringParam},,Atravesse os Anéis de Luz até o destino final.,,,,,1-5,,Provação do Ethereal Sanctum concluída.
21030103,Trial of Wisdom {StringParam},,Pise nas placas de pressão para mover os blocos e chegar ao destino.,,,,,1-5,,Provação do Ethereal Sanctum concluída.
21030104,Trial of Combat {StringParam},,Derrote {Param}{jstag:} antes que o tempo acabe.,,,,,1-5,Guardian of the Treasure,Provação do Ethereal Sanctum concluída.
21030105,Trial of Leap {StringParam},,Siga os Fragmentos Dimensionais até o destino final.,,,,,1-6,,Provação do Ethereal Sanctum concluída.
21030106,Trial of Flight {StringParam},,Atravesse os Anéis de Luz até o destino final.,,,,,1-6,,Provação do Ethereal Sanctum concluída.
21030107,Trial of Wisdom {StringParam},,Acione os dispositivos para mover os blocos e chegar ao destino.,,,,,1-6,,Provação do Ethereal Sanctum concluída.
21030108,Trial of Combat {StringParam},,Derrote {Param}{jstag:} antes que o tempo acabe.,,,,,1-6,Guardian of the Treasure,Provação do Ethereal Sanctum concluída.
21030109,Trial of Leap {StringParam},,Siga os Fragmentos Dimensionais até o destino final.,,,,,2-3,,Provação do Ethereal Sanctum concluída.
21030110,Trial of Flight {StringParam},,Atravesse os Anéis de Luz até o destino final.,,,,,2-5,,Provação do Ethereal Sanctum concluída.
21030111,Trial of Wisdom {StringParam},,Acione os dispositivos para mover os blocos e chegar ao destino.,,,,,2-5,,Provação do Ethereal Sanctum concluída.
21030112,Trial of Combat {StringParam},,Derrote {Param}{jstag:} antes que o tempo acabe.,,,,,2-5,Guardian of the Treasure,Provação do Ethereal Sanctum concluída.
21030113,Trial of Flight {StringParam},,Atravesse os Anéis de Luz até o destino final.,,,,,2-6,,Provação do Ethereal Sanctum concluída.
21030114,Trial of Wisdom {StringParam},,Pise nas placas de pressão para mover os blocos e chegar ao destino.,,,,,2-6,,Provação do Ethereal Sanctum concluída.
21030115,Trial of Combat {StringParam},,Derrote {Param}{jstag:} antes que o tempo acabe.,,,,,2-6,Guardian of the Treasure,Provação do Ethereal Sanctum concluída.
21040101,Trial of Leap {StringParam},,Encontre o máximo de Fragmentos Dimensionais possível e chegue ao destino.,,,,,1-7,,Provação do Ethereal Sanctum concluída.
21040102,Trial of Flight {StringParam},,Atravesse os Anéis de Luz até o destino final.,,,,,1-7,,Provação do Ethereal Sanctum concluída.
21040103,Trial of Wisdom {StringParam},,Acione os dispositivos para mover os blocos e chegar ao destino.,,,,,1-7,,Provação do Ethereal Sanctum concluída.
21040104,Trial of Combat {StringParam},,Derrote {Param}{jstag:} antes que o tempo acabe.,,,,,1-7,Guardian of the Treasure,Provação do Ethereal Sanctum concluída.
21040105,Trial of Leap {StringParam},,Siga os Fragmentos Dimensionais até o destino final.,,,,,1-8,,Provação do Ethereal Sanctum concluída.
21040106,Trial of Flight {StringParam},,Atravesse os Anéis de Luz até o destino final.,,,,,1-8,,Provação do Ethereal Sanctum concluída.
21040107,Trial of Wisdom {StringParam},,Pise nas placas de pressão para mover os blocos e chegar ao destino.,,,,,1-8,,Provação do Ethereal Sanctum concluída.
21040108,Trial of Combat {StringParam},,Derrote {Param}{jstag:} antes que o tempo acabe.,,,,,1-8,Guardian of the Treasure,Provação do Ethereal Sanctum concluída.
21040109,Trial of Leap {StringParam},,Siga os Fragmentos Dimensionais até o destino final.,,,,,2-4,,Provação do Ethereal Sanctum concluída.
21040110,Trial of Flight {StringParam},,Atravesse os Anéis de Luz até o destino final.,,,,,2-7,,Provação do Ethereal Sanctum concluída.
21040111,Trial of Wisdom {StringParam},,Pise nas placas de pressão para mover os blocos e chegar ao destino.,,,,,2-7,,Provação do Ethereal Sanctum concluída.
21040112,Trial of Combat {StringParam},,Derrote {Param}{jstag:} antes que o tempo acabe.,,,,,2-7,Guardian of the Treasure,Provação do Ethereal Sanctum concluída.
21040113,Trial of Flight {StringParam},,Atravesse os Anéis de Luz até o destino final.,,,,,2-8,,Provação do Ethereal Sanctum concluída.
21040114,Trial of Wisdom {StringParam},,Acione os dispositivos para mover os blocos e chegar ao destino.,,,,,2-8,,Provação do Ethereal Sanctum concluída.
21040115,Trial of Combat {StringParam},,Derrote {Param}{jstag:} antes que o tempo acabe.,,,,,2-8,Guardian of the Treasure,Provação do Ethereal Sanctum concluída.
21050101,Trial of Leap {StringParam},,Encontre o máximo de Fragmentos Dimensionais possível e chegue ao destino.,,,,,3-1,,Provação do Ethereal Sanctum concluída.
21050102,Trial of Flight {StringParam},,Atravesse os Anéis de Luz até o destino final.,,,,,3-1,,Provação do Ethereal Sanctum concluída.
21050103,Trial of Wisdom {StringParam},,Pise nas placas de pressão para mover os blocos e chegar ao destino.,,,,,3-1,,Provação do Ethereal Sanctum concluída.
21050104,Trial of Combat {StringParam},,Derrote {Param}{jstag:} antes que o tempo acabe.,,,,,3-1,Guardian of the Treasure,Provação do Ethereal Sanctum concluída.
21050105,Trial of Leap {StringParam},,Encontre o máximo de Fragmentos Dimensionais possível e chegue ao destino.,,,,,3-2,,Provação do Ethereal Sanctum concluída.
21050106,Trial of Flight {StringParam},,Atravesse os Anéis de Luz até o destino final.,,,,,3-2,,Provação do Ethereal Sanctum concluída.
21050107,Trial of Wisdom {StringParam},,Acione os dispositivos para mover os blocos e chegar ao destino.,,,,,3-2,,Provação do Ethereal Sanctum concluída.
21050108,Trial of Combat {StringParam},,Derrote {Param}{jstag:} antes que o tempo acabe.,,,,,3-2,Guardian of the Treasure,Provação do Ethereal Sanctum concluída.
13010101,Ordeal of Binding,Combate padrão,Vença a Provação do Árbitro para provar sua força!,,,,,,,
13010102,Ordeal of Binding,Combate padrão,Vença a Provação do Árbitro para provar sua força!,,,,,,,
13010103,Ordeal of Binding,Combate padrão,Vença a Provação do Árbitro para provar sua força!,,,,,,,
13010104,Ordeal of Binding,Combate padrão,Vença a Provação do Árbitro para provar sua força!,,,,,,,
13010105,Ordeal of Binding,Combate padrão,Vença a Provação do Árbitro para provar sua força!,,,,,,,
13010106,Ordeal of Binding,Combate padrão,Vença a Provação do Árbitro para provar sua força!,,,,,,,
13010201,Ordeal of Skill,Combate padrão,Vença a Provação do Árbitro para provar sua força!,,,,,,,
13010202,Ordeal of Skill,Combate padrão,Vença a Provação do Árbitro para provar sua força!,,,,,,,
13010203,Ordeal of Skill,Combate padrão,Vença a Provação do Árbitro para provar sua força!,,,,,,,
13010204,Ordeal of Skill,Combate padrão,Vença a Provação do Árbitro para provar sua força!,,,,,,,
13010205,Ordeal of Skill,Combate padrão,Vença a Provação do Árbitro para provar sua força!,,,,,,,
13010206,Ordeal of Skill,Combate padrão,Vença a Provação do Árbitro para provar sua força!,,,,,,,
13010301,Ordeal of Constellations,Combate padrão,Vença a Provação do Árbitro para provar sua força!,,,,,,,
13010302,Ordeal of Constellations,Combate padrão,Vença a Provação do Árbitro para provar sua força!,,,,,,,
13010303,Ordeal of Constellations,Combate padrão,Vença a Provação do Árbitro para provar sua força!,,,,,,,
13010304,Ordeal of Constellations,Combate padrão,Vença a Provação do Árbitro para provar sua força!,,,,,,,
13010305,Ordeal of Constellations,Combate padrão,Vença a Provação do Árbitro para provar sua força!,,,,,,,
13010306,Ordeal of Constellations,Combate padrão,Vença a Provação do Árbitro para provar sua força!,,,,,,,
13010401,Ordeal of Gold,Combate padrão,Vença a Provação do Árbitro para provar sua força!,,,,,,,
13010402,Ordeal of Gold,Combate padrão,Vença a Provação do Árbitro para provar sua força!,,,,,,,
13010403,Ordeal of Gold,Combate padrão,Vença a Provação do Árbitro para provar sua força!,,,,,,,
13010404,Ordeal of Gold,Combate padrão,Vença a Provação do Árbitro para provar sua força!,,,,,,,
13010405,Ordeal of Gold,Combate padrão,Vença a Provação do Árbitro para provar sua força!,,,,,,,
13010406,Ordeal of Gold,Combate padrão,Vença a Provação do Árbitro para provar sua força!,,,,,,,
12010101,Blue Demon Ruins,Nível 1,Sobreviva às ameaças dos monstros ao lado dos seus aliados.,,,,,,,
12010102,Blue Demon Ruins,Nível 2,Sobreviva às ameaças dos monstros ao lado dos seus aliados.,,,,,,,
12010103,Blue Demon Ruins,Nível 3,Sobreviva às ameaças dos monstros ao lado dos seus aliados.,,,,,,,
12010104,Blue Demon Ruins,Nível 4,Sobreviva às ameaças dos monstros ao lado dos seus aliados.,,,,,,,
12020101,Abyss Hunter's Swamp,Nível 1,Sobreviva às ameaças dos monstros ao lado dos seus aliados.,,,,,,,
12020102,Abyss Hunter's Swamp,Nível 2,Sobreviva às ameaças dos monstros ao lado dos seus aliados.,,,,,,,
12020103,Abyss Hunter's Swamp,Nível 3,Sobreviva às ameaças dos monstros ao lado dos seus aliados.,,,,,,,
12020104,Abyss Hunter's Swamp,Nível 4,Sobreviva às ameaças dos monstros ao lado dos seus aliados.,,,,,,,
12030101,Grave of Dead Roots,Nível 1,Sobreviva às ameaças dos monstros ao lado dos seus aliados.,,,,,,,
12030102,Grave of Dead Roots,Nível 2,Sobreviva às ameaças dos monstros ao lado dos seus aliados.,,,,,,,
12030103,Grave of Dead Roots,Nível 3,Sobreviva às ameaças dos monstros ao lado dos seus aliados.,,,,,,,
12030104,Grave of Dead Roots,Nível 4,Sobreviva às ameaças dos monstros ao lado dos seus aliados.,,,,,,,
12110101,Blue Demon Ruins,Nível 1,Sobreviva às ameaças dos monstros ao lado dos seus aliados.,,,,,,,
12110102,Blue Demon Ruins,Nível 2,Sobreviva às ameaças dos monstros ao lado dos seus aliados.,,,,,,,
12110103,Blue Demon Ruins,Nível 3,Sobreviva às ameaças dos monstros ao lado dos seus aliados.,,,,,,,
12110104,Blue Demon Ruins,Nível 4,Sobreviva às ameaças dos monstros ao lado dos seus aliados.,,,,,,,
12120101,Abyss Hunter's Swamp,Nível 1,Sobreviva às ameaças dos monstros ao lado dos seus aliados.,,,,,,,
12120102,Abyss Hunter's Swamp,Nível 2,Sobreviva às ameaças dos monstros ao lado dos seus aliados.,,,,,,,
12120103,Abyss Hunter's Swamp,Nível 3,Sobreviva às ameaças dos monstros ao lado dos seus aliados.,,,,,,,
12120104,Abyss Hunter's Swamp,Nível 4,Sobreviva às ameaças dos monstros ao lado dos seus aliados.,,,,,,,
12130101,Grave of Dead Roots,Nível 1,Sobreviva às ameaças dos monstros ao lado dos seus aliados.,,,,,,,
12130102,Grave of Dead Roots,Nível 2,Sobreviva às ameaças dos monstros ao lado dos seus aliados.,,,,,,,
12130103,Grave of Dead Roots,Nível 3,Sobreviva às ameaças dos monstros ao lado dos seus aliados.,,,,,,,
12130104,Grave of Dead Roots,Nível 4,Sobreviva às ameaças dos monstros ao lado dos seus aliados.,,,,,,,
12510101,Uninvited Guest,Nível 1,Sobreviva às ameaças dos monstros ao lado dos seus aliados.,,,,,,,
12510102,Uninvited Guest,Nível 2,Sobreviva às ameaças dos monstros ao lado dos seus aliados.,,,,,,,
12510103,Uninvited Guest,Nível 3,Sobreviva às ameaças dos monstros ao lado dos seus aliados.,,,,,,,
140101101,Infinite Spire,,Derrote {Param}{jstag:} antes que o tempo acabe.,,,,,,Monster Horde,
140101102,Infinite Spire,,Derrote todos os monstros antes que o tempo acabe.,,,,,,,
140101103,Infinite Spire,,Derrote {Param}{jstag:} antes que o tempo acabe.,,,,,,Monster Horde,
140101104,Infinite Spire,,Derrote {Param}{jstag:} antes que o tempo acabe.,,,,,,Karugura,
140101105,Infinite Spire,,Derrote todos os monstros antes que o tempo acabe.,,,,,,,
140101106,Infinite Spire,,Derrote {Param}{jstag:} antes que o tempo acabe.,,,,,,Monster Horde,
140101107,Infinite Spire,,Derrote todos os monstros antes que o tempo acabe.,,,,,,,
140101108,Infinite Spire,,Derrote {Param}{jstag:} antes que o tempo acabe.,,,,,,Monster Horde,
140101109,Infinite Spire,,Derrote {Param}{jstag:} antes que o tempo acabe.,,,,,,Shagriga,
140101200,Infinite Spire,,"Defeat as many monsters as you can before time runs out.
Slaying chefes grants massive points!",,,,,,,
140101201,Infinite Spire,,Derrote {Param}{jstag:} antes que o tempo acabe.,,,,,,Monster Horde,
140101202,Infinite Spire,,Derrote todos os monstros antes que o tempo acabe.,,,,,,,
140101203,Infinite Spire,,Derrote {Param}{jstag:} antes que o tempo acabe.,,,,,,Monster Horde,
140101204,Infinite Spire,,Derrote {Param}{jstag:} antes que o tempo acabe.,,,,,,Shadow Wolf Leader,
140101205,Infinite Spire,,Derrote todos os monstros antes que o tempo acabe.,,,,,,,
140101206,Infinite Spire,,Derrote {Param}{jstag:} antes que o tempo acabe.,,,,,,Monster Horde,
140101207,Infinite Spire,,Derrote todos os monstros antes que o tempo acabe.,,,,,,,
140101208,Infinite Spire,,Derrote {Param}{jstag:} antes que o tempo acabe.,,,,,,Monster Horde,
140101209,Infinite Spire,,Derrote {Param}{jstag:} antes que o tempo acabe.,,,,,,Paradise Advent Prophet,
140101300,Infinite Spire,,"Defeat as many monsters as you can before time runs out.
Slaying chefes grants massive points!",,,,,,,
140101301,Infinite Spire,,Derrote {Param}{jstag:} antes que o tempo acabe.,,,,,,Monster Horde,
140101302,Infinite Spire,,Derrote todos os monstros antes que o tempo acabe.,,,,,,,
140101303,Infinite Spire,,Derrote {Param}{jstag:} antes que o tempo acabe.,,,,,,Monster Horde,
140101304,Infinite Spire,,Derrote {Param}{jstag:} antes que o tempo acabe.,,,,,,Ironblood Brigade Leader,
140101305,Infinite Spire,,Derrote todos os monstros antes que o tempo acabe.,,,,,,,
140101306,Infinite Spire,,Derrote {Param}{jstag:} antes que o tempo acabe.,,,,,,Monster Horde,
140101307,Infinite Spire,,Derrote todos os monstros antes que o tempo acabe.,,,,,,,
140101308,Infinite Spire,,Derrote {Param}{jstag:} antes que o tempo acabe.,,,,,,Monster Horde,
140101309,Infinite Spire,,Derrote {Param}{jstag:} antes que o tempo acabe.,,,,,,Apostle Valbas,
140101400,Infinite Spire,,"Defeat as many monsters as you can before time runs out.
Slaying chefes grants massive points!",,,,,,,
140101401,Infinite Spire,,Derrote {Param}{jstag:} antes que o tempo acabe.,,,,,,Monster Horde,
140101402,Infinite Spire,,Derrote todos os monstros antes que o tempo acabe.,,,,,,,
140101403,Infinite Spire,,Derrote {Param}{jstag:} antes que o tempo acabe.,,,,,,Monster Horde,
140101404,Infinite Spire,,Derrote {Param}{jstag:} antes que o tempo acabe.,,,,,,Xeros,
140101405,Infinite Spire,,Derrote todos os monstros antes que o tempo acabe.,,,,,,,
140101406,Infinite Spire,,Derrote {Param}{jstag:} antes que o tempo acabe.,,,,,,Monster Horde,
140101407,Infinite Spire,,Derrote todos os monstros antes que o tempo acabe.,,,,,,,
140101408,Infinite Spire,,Derrote {Param}{jstag:} antes que o tempo acabe.,,,,,,Monster Horde,
140101409,Infinite Spire,,Derrote {Param}{jstag:} antes que o tempo acabe.,,,,,,Apostle Logos,
140101500,Infinite Spire,,"Defeat as many monsters as you can before time runs out.
Slaying chefes grants massive points!",,,,,,,
140101501,Infinite Spire,,Derrote {Param}{jstag:} antes que o tempo acabe.,,,,,,Monster Horde,
140101502,Infinite Spire,,Derrote todos os monstros antes que o tempo acabe.,,,,,,,
140101503,Infinite Spire,,Derrote {Param}{jstag:} antes que o tempo acabe.,,,,,,Monster Horde,
140101504,Infinite Spire,,Derrote {Param}{jstag:} antes que o tempo acabe.,,,,,,Astrid,
140101505,Infinite Spire,,Derrote todos os monstros antes que o tempo acabe.,,,,,,,
140101506,Infinite Spire,,Derrote {Param}{jstag:} antes que o tempo acabe.,,,,,,Monster Horde,
140101507,Infinite Spire,,Derrote todos os monstros antes que o tempo acabe.,,,,,,,
140101508,Infinite Spire,,Derrote {Param}{jstag:} antes que o tempo acabe.,,,,,,Monster Horde,
140101509,Infinite Spire,,Derrote {Param}{jstag:} antes que o tempo acabe.,,,,,,Fahad,
140101600,Infinite Spire,,"Defeat as many monsters as you can before time runs out.
Slaying chefes grants massive points!",,,,,,,
140102101,Infinite Spire,,Derrote {Param}{jstag:} antes que o tempo acabe.,,,,,,Monster Horde,
140102102,Infinite Spire,,Derrote todos os monstros antes que o tempo acabe.,,,,,,,
140102103,Infinite Spire,,Derrote {Param}{jstag:} antes que o tempo acabe.,,,,,,Monster Horde,
140102104,Infinite Spire,,Derrote {Param}{jstag:} antes que o tempo acabe.,,,,,,Karugura,
140102105,Infinite Spire,,Derrote todos os monstros antes que o tempo acabe.,,,,,,,
140102106,Infinite Spire,,Derrote {Param}{jstag:} antes que o tempo acabe.,,,,,,Monster Horde,
140102107,Infinite Spire,,Derrote todos os monstros antes que o tempo acabe.,,,,,,,
140102108,Infinite Spire,,Derrote {Param}{jstag:} antes que o tempo acabe.,,,,,,Monster Horde,
140102109,Infinite Spire,,Derrote {Param}{jstag:} antes que o tempo acabe.,,,,,,Shagriga,
140102200,Infinite Spire,,"Defeat as many monsters as you can before time runs out.
Slaying chefes grants massive points!",,,,,,,
140102201,Infinite Spire,,Derrote {Param}{jstag:} antes que o tempo acabe.,,,,,,Monster Horde,
140102202,Infinite Spire,,Derrote todos os monstros antes que o tempo acabe.,,,,,,,
140102203,Infinite Spire,,Derrote {Param}{jstag:} antes que o tempo acabe.,,,,,,Monster Horde,
140102204,Infinite Spire,,Derrote {Param}{jstag:} antes que o tempo acabe.,,,,,,Shadow Wolf Leader,
140102205,Infinite Spire,,Derrote todos os monstros antes que o tempo acabe.,,,,,,,
140102206,Infinite Spire,,Derrote {Param}{jstag:} antes que o tempo acabe.,,,,,,Monster Horde,
140102207,Infinite Spire,,Derrote todos os monstros antes que o tempo acabe.,,,,,,,
140102208,Infinite Spire,,Derrote {Param}{jstag:} antes que o tempo acabe.,,,,,,Monster Horde,
140102209,Infinite Spire,,Derrote {Param}{jstag:} antes que o tempo acabe.,,,,,,Paradise Advent Prophet,
140102300,Infinite Spire,,"Defeat as many monsters as you can before time runs out.
Slaying chefes grants massive points!",,,,,,,
140102301,Infinite Spire,,Derrote {Param}{jstag:} antes que o tempo acabe.,,,,,,Monster Horde,
140102302,Infinite Spire,,Derrote todos os monstros antes que o tempo acabe.,,,,,,,
140102303,Infinite Spire,,Derrote {Param}{jstag:} antes que o tempo acabe.,,,,,,Monster Horde,
140102304,Infinite Spire,,Derrote {Param}{jstag:} antes que o tempo acabe.,,,,,,Ironblood Brigade Leader,
140102305,Infinite Spire,,Derrote todos os monstros antes que o tempo acabe.,,,,,,,
140102306,Infinite Spire,,Derrote {Param}{jstag:} antes que o tempo acabe.,,,,,,Monster Horde,
140102307,Infinite Spire,,Derrote todos os monstros antes que o tempo acabe.,,,,,,,
140102308,Infinite Spire,,Derrote {Param}{jstag:} antes que o tempo acabe.,,,,,,Monster Horde,
140102309,Infinite Spire,,Derrote {Param}{jstag:} antes que o tempo acabe.,,,,,,Apostle Valbas,
140102400,Infinite Spire,,"Defeat as many monsters as you can before time runs out.
Slaying chefes grants massive points!",,,,,,,
140102401,Infinite Spire,,Derrote {Param}{jstag:} antes que o tempo acabe.,,,,,,Monster Horde,
140102402,Infinite Spire,,Derrote todos os monstros antes que o tempo acabe.,,,,,,,
140102403,Infinite Spire,,Derrote {Param}{jstag:} antes que o tempo acabe.,,,,,,Monster Horde,
140102404,Infinite Spire,,Derrote {Param}{jstag:} antes que o tempo acabe.,,,,,,Xeros,
140102405,Infinite Spire,,Derrote todos os monstros antes que o tempo acabe.,,,,,,,
140102406,Infinite Spire,,Derrote {Param}{jstag:} antes que o tempo acabe.,,,,,,Monster Horde,
140102407,Infinite Spire,,Derrote todos os monstros antes que o tempo acabe.,,,,,,,
140102408,Infinite Spire,,Derrote {Param}{jstag:} antes que o tempo acabe.,,,,,,Monster Horde,
140102409,Infinite Spire,,Derrote {Param}{jstag:} antes que o tempo acabe.,,,,,,Apostle Logos,
140102500,Infinite Spire,,"Defeat as many monsters as you can before time runs out.
Slaying chefes grants massive points!",,,,,,,
140102501,Infinite Spire,,Derrote {Param}{jstag:} antes que o tempo acabe.,,,,,,Monster Horde,
140102502,Infinite Spire,,Derrote todos os monstros antes que o tempo acabe.,,,,,,,
140102503,Infinite Spire,,Derrote {Param}{jstag:} antes que o tempo acabe.,,,,,,Monster Horde,
140102504,Infinite Spire,,Derrote {Param}{jstag:} antes que o tempo acabe.,,,,,,Astrid,
140102505,Infinite Spire,,Derrote todos os monstros antes que o tempo acabe.,,,,,,,
140102506,Infinite Spire,,Derrote {Param}{jstag:} antes que o tempo acabe.,,,,,,Monster Horde,
140102507,Infinite Spire,,Derrote todos os monstros antes que o tempo acabe.,,,,,,,
140102508,Infinite Spire,,Derrote {Param}{jstag:} antes que o tempo acabe.,,,,,,Monster Horde,
140102509,Infinite Spire,,Derrote {Param}{jstag:} antes que o tempo acabe.,,,,,,Fahad,
140102600,Infinite Spire,,"Defeat as many monsters as you can before time runs out.
Slaying chefes grants massive points!",,,,,,,
140103101,Infinite Spire,,Derrote {Param}{jstag:} antes que o tempo acabe.,,,,,,Monster Horde,
140103102,Infinite Spire,,Derrote todos os monstros antes que o tempo acabe.,,,,,,,
140103103,Infinite Spire,,Derrote {Param}{jstag:} antes que o tempo acabe.,,,,,,Monster Horde,
140103104,Infinite Spire,,Derrote {Param}{jstag:} antes que o tempo acabe.,,,,,,Karugura,
140103105,Infinite Spire,,Derrote todos os monstros antes que o tempo acabe.,,,,,,,
140103106,Infinite Spire,,Derrote {Param}{jstag:} antes que o tempo acabe.,,,,,,Monster Horde,
140103107,Infinite Spire,,Derrote todos os monstros antes que o tempo acabe.,,,,,,,
140103108,Infinite Spire,,Derrote {Param}{jstag:} antes que o tempo acabe.,,,,,,Monster Horde,
140103109,Infinite Spire,,Derrote {Param}{jstag:} antes que o tempo acabe.,,,,,,Shagriga,
140103200,Infinite Spire,,"Defeat as many monsters as you can before time runs out.
Slaying chefes grants massive points!",,,,,,,
140103201,Infinite Spire,,Derrote {Param}{jstag:} antes que o tempo acabe.,,,,,,Monster Horde,
140103202,Infinite Spire,,Derrote todos os monstros antes que o tempo acabe.,,,,,,,
140103203,Infinite Spire,,Derrote {Param}{jstag:} antes que o tempo acabe.,,,,,,Monster Horde,
140103204,Infinite Spire,,Derrote {Param}{jstag:} antes que o tempo acabe.,,,,,,Shadow Wolf Leader,
140103205,Infinite Spire,,Derrote todos os monstros antes que o tempo acabe.,,,,,,,
140103206,Infinite Spire,,Derrote {Param}{jstag:} antes que o tempo acabe.,,,,,,Monster Horde,
140103207,Infinite Spire,,Derrote todos os monstros antes que o tempo acabe.,,,,,,,
140103208,Infinite Spire,,Derrote {Param}{jstag:} antes que o tempo acabe.,,,,,,Monster Horde,
140103209,Infinite Spire,,Derrote {Param}{jstag:} antes que o tempo acabe.,,,,,,Paradise Advent Prophet,
140103300,Infinite Spire,,"Defeat as many monsters as you can before time runs out.
Slaying chefes grants massive points!",,,,,,,
140103301,Infinite Spire,,Derrote {Param}{jstag:} antes que o tempo acabe.,,,,,,Monster Horde,
140103302,Infinite Spire,,Derrote todos os monstros antes que o tempo acabe.,,,,,,,
140103303,Infinite Spire,,Derrote {Param}{jstag:} antes que o tempo acabe.,,,,,,Monster Horde,
140103304,Infinite Spire,,Derrote {Param}{jstag:} antes que o tempo acabe.,,,,,,Ironblood Brigade Leader,
140103305,Infinite Spire,,Derrote todos os monstros antes que o tempo acabe.,,,,,,,
140103306,Infinite Spire,,Derrote {Param}{jstag:} antes que o tempo acabe.,,,,,,Monster Horde,
140103307,Infinite Spire,,Derrote todos os monstros antes que o tempo acabe.,,,,,,,
140103308,Infinite Spire,,Derrote {Param}{jstag:} antes que o tempo acabe.,,,,,,Monster Horde,
140103309,Infinite Spire,,Derrote {Param}{jstag:} antes que o tempo acabe.,,,,,,Apostle Valbas,
140103400,Infinite Spire,,"Defeat as many monsters as you can before time runs out.
Slaying chefes grants massive points!",,,,,,,
140103401,Infinite Spire,,Derrote {Param}{jstag:} antes que o tempo acabe.,,,,,,Monster Horde,
140103402,Infinite Spire,,Derrote todos os monstros antes que o tempo acabe.,,,,,,,
140103403,Infinite Spire,,Derrote {Param}{jstag:} antes que o tempo acabe.,,,,,,Monster Horde,
140103404,Infinite Spire,,Derrote {Param}{jstag:} antes que o tempo acabe.,,,,,,Xeros,
140103405,Infinite Spire,,Derrote todos os monstros antes que o tempo acabe.,,,,,,,
140103406,Infinite Spire,,Derrote {Param}{jstag:} antes que o tempo acabe.,,,,,,Monster Horde,
140103407,Infinite Spire,,Derrote todos os monstros antes que o tempo acabe.,,,,,,,
140103408,Infinite Spire,,Derrote {Param}{jstag:} antes que o tempo acabe.,,,,,,Monster Horde,
140103409,Infinite Spire,,Derrote {Param}{jstag:} antes que o tempo acabe.,,,,,,Apostle Logos,
140103500,Infinite Spire,,"Defeat as many monsters as you can before time runs out.
Slaying chefes grants massive points!",,,,,,,
140103501,Infinite Spire,,Derrote {Param}{jstag:} antes que o tempo acabe.,,,,,,Monster Horde,
140103502,Infinite Spire,,Derrote todos os monstros antes que o tempo acabe.,,,,,,,
140103503,Infinite Spire,,Derrote {Param}{jstag:} antes que o tempo acabe.,,,,,,Monster Horde,
140103504,Infinite Spire,,Derrote {Param}{jstag:} antes que o tempo acabe.,,,,,,Astrid,
140103505,Infinite Spire,,Derrote todos os monstros antes que o tempo acabe.,,,,,,,
140103506,Infinite Spire,,Derrote {Param}{jstag:} antes que o tempo acabe.,,,,,,Monster Horde,
140103507,Infinite Spire,,Derrote todos os monstros antes que o tempo acabe.,,,,,,,
140103508,Infinite Spire,,Derrote {Param}{jstag:} antes que o tempo acabe.,,,,,,Monster Horde,
140103509,Infinite Spire,,Derrote {Param}{jstag:} antes que o tempo acabe.,,,,,,Fahad,
140103600,Infinite Spire,,"Defeat as many monsters as you can before time runs out.
Slaying chefes grants massive points!",,,,,,,
140104101,Infinite Spire,,Derrote {Param}{jstag:} antes que o tempo acabe.,,,,,,Monster Horde,
140104102,Infinite Spire,,Derrote todos os monstros antes que o tempo acabe.,,,,,,,
140104103,Infinite Spire,,Derrote {Param}{jstag:} antes que o tempo acabe.,,,,,,Monster Horde,
140104104,Infinite Spire,,Derrote {Param}{jstag:} antes que o tempo acabe.,,,,,,Karugura,
140104105,Infinite Spire,,Derrote todos os monstros antes que o tempo acabe.,,,,,,,
140104106,Infinite Spire,,Derrote {Param}{jstag:} antes que o tempo acabe.,,,,,,Monster Horde,
140104107,Infinite Spire,,Derrote todos os monstros antes que o tempo acabe.,,,,,,,
140104108,Infinite Spire,,Derrote {Param}{jstag:} antes que o tempo acabe.,,,,,,Monster Horde,
140104109,Infinite Spire,,Derrote {Param}{jstag:} antes que o tempo acabe.,,,,,,Shagriga,
140104200,Infinite Spire,,"Defeat as many monsters as you can before time runs out.
Slaying chefes grants massive points!",,,,,,,
140104201,Infinite Spire,,Derrote {Param}{jstag:} antes que o tempo acabe.,,,,,,Monster Horde,
140104202,Infinite Spire,,Derrote todos os monstros antes que o tempo acabe.,,,,,,,
140104203,Infinite Spire,,Derrote {Param}{jstag:} antes que o tempo acabe.,,,,,,Monster Horde,
140104204,Infinite Spire,,Derrote {Param}{jstag:} antes que o tempo acabe.,,,,,,Shadow Wolf Leader,
140104205,Infinite Spire,,Derrote todos os monstros antes que o tempo acabe.,,,,,,,
140104206,Infinite Spire,,Derrote {Param}{jstag:} antes que o tempo acabe.,,,,,,Monster Horde,
140104207,Infinite Spire,,Derrote todos os monstros antes que o tempo acabe.,,,,,,,
140104208,Infinite Spire,,Derrote {Param}{jstag:} antes que o tempo acabe.,,,,,,Monster Horde,
140104209,Infinite Spire,,Derrote {Param}{jstag:} antes que o tempo acabe.,,,,,,Paradise Advent Prophet,
140104300,Infinite Spire,,"Defeat as many monsters as you can before time runs out.
Slaying chefes grants massive points!",,,,,,,
140104301,Infinite Spire,,Derrote {Param}{jstag:} antes que o tempo acabe.,,,,,,Monster Horde,
140104302,Infinite Spire,,Derrote todos os monstros antes que o tempo acabe.,,,,,,,
140104303,Infinite Spire,,Derrote {Param}{jstag:} antes que o tempo acabe.,,,,,,Monster Horde,
140104304,Infinite Spire,,Derrote {Param}{jstag:} antes que o tempo acabe.,,,,,,Ironblood Brigade Leader,
140104305,Infinite Spire,,Derrote todos os monstros antes que o tempo acabe.,,,,,,,
140104306,Infinite Spire,,Derrote {Param}{jstag:} antes que o tempo acabe.,,,,,,Monster Horde,
140104307,Infinite Spire,,Derrote todos os monstros antes que o tempo acabe.,,,,,,,
140104308,Infinite Spire,,Derrote {Param}{jstag:} antes que o tempo acabe.,,,,,,Monster Horde,
140104309,Infinite Spire,,Derrote {Param}{jstag:} antes que o tempo acabe.,,,,,,Apostle Valbas,
140104400,Infinite Spire,,"Defeat as many monsters as you can before time runs out.
Slaying chefes grants massive points!",,,,,,,
140104401,Infinite Spire,,Derrote {Param}{jstag:} antes que o tempo acabe.,,,,,,Monster Horde,
140104402,Infinite Spire,,Derrote todos os monstros antes que o tempo acabe.,,,,,,,
140104403,Infinite Spire,,Derrote {Param}{jstag:} antes que o tempo acabe.,,,,,,Monster Horde,
140104404,Infinite Spire,,Derrote {Param}{jstag:} antes que o tempo acabe.,,,,,,Xeros,
140104405,Infinite Spire,,Derrote todos os monstros antes que o tempo acabe.,,,,,,,
140104406,Infinite Spire,,Derrote {Param}{jstag:} antes que o tempo acabe.,,,,,,Monster Horde,
140104407,Infinite Spire,,Derrote todos os monstros antes que o tempo acabe.,,,,,,,
140104408,Infinite Spire,,Derrote {Param}{jstag:} antes que o tempo acabe.,,,,,,Monster Horde,
140104409,Infinite Spire,,Derrote {Param}{jstag:} antes que o tempo acabe.,,,,,,Apostle Logos,
140104500,Infinite Spire,,"Defeat as many monsters as you can before time runs out.
Slaying chefes grants massive points!",,,,,,,
140104501,Infinite Spire,,Derrote {Param}{jstag:} antes que o tempo acabe.,,,,,,Monster Horde,
140104502,Infinite Spire,,Derrote todos os monstros antes que o tempo acabe.,,,,,,,
140104503,Infinite Spire,,Derrote {Param}{jstag:} antes que o tempo acabe.,,,,,,Monster Horde,
140104504,Infinite Spire,,Derrote {Param}{jstag:} antes que o tempo acabe.,,,,,,Astrid,
140104505,Infinite Spire,,Derrote todos os monstros antes que o tempo acabe.,,,,,,,
140104506,Infinite Spire,,Derrote {Param}{jstag:} antes que o tempo acabe.,,,,,,Monster Horde,
140104507,Infinite Spire,,Derrote todos os monstros antes que o tempo acabe.,,,,,,,
140104508,Infinite Spire,,Derrote {Param}{jstag:} antes que o tempo acabe.,,,,,,Monster Horde,
140104509,Infinite Spire,,Derrote {Param}{jstag:} antes que o tempo acabe.,,,,,,Fahad,
140104600,Infinite Spire,,"Defeat as many monsters as you can before time runs out.
Slaying chefes grants massive points!",,,,,,,
140105101,Infinite Spire,,Derrote {Param}{jstag:} antes que o tempo acabe.,,,,,,Monster Horde,
140105102,Infinite Spire,,Derrote todos os monstros antes que o tempo acabe.,,,,,,,
140105103,Infinite Spire,,Derrote {Param}{jstag:} antes que o tempo acabe.,,,,,,Monster Horde,
140105104,Infinite Spire,,Derrote {Param}{jstag:} antes que o tempo acabe.,,,,,,Karugura,
140105105,Infinite Spire,,Derrote todos os monstros antes que o tempo acabe.,,,,,,,
140105106,Infinite Spire,,Derrote {Param}{jstag:} antes que o tempo acabe.,,,,,,Monster Horde,
140105107,Infinite Spire,,Derrote todos os monstros antes que o tempo acabe.,,,,,,,
140105108,Infinite Spire,,Derrote {Param}{jstag:} antes que o tempo acabe.,,,,,,Monster Horde,
140105109,Infinite Spire,,Derrote {Param}{jstag:} antes que o tempo acabe.,,,,,,Shagriga,
140105200,Infinite Spire,,"Defeat as many monsters as you can before time runs out.
Slaying chefes grants massive points!",,,,,,,
140105201,Infinite Spire,,Derrote {Param}{jstag:} antes que o tempo acabe.,,,,,,Monster Horde,
140105202,Infinite Spire,,Derrote todos os monstros antes que o tempo acabe.,,,,,,,
140105203,Infinite Spire,,Derrote {Param}{jstag:} antes que o tempo acabe.,,,,,,Monster Horde,
140105204,Infinite Spire,,Derrote {Param}{jstag:} antes que o tempo acabe.,,,,,,Shadow Wolf Leader,
140105205,Infinite Spire,,Derrote todos os monstros antes que o tempo acabe.,,,,,,,
140105206,Infinite Spire,,Derrote {Param}{jstag:} antes que o tempo acabe.,,,,,,Monster Horde,
140105207,Infinite Spire,,Derrote todos os monstros antes que o tempo acabe.,,,,,,,
140105208,Infinite Spire,,Derrote {Param}{jstag:} antes que o tempo acabe.,,,,,,Monster Horde,
140105209,Infinite Spire,,Derrote {Param}{jstag:} antes que o tempo acabe.,,,,,,Paradise Advent Prophet,
140105300,Infinite Spire,,"Defeat as many monsters as you can before time runs out.
Slaying chefes grants massive points!",,,,,,,
140105301,Infinite Spire,,Derrote {Param}{jstag:} antes que o tempo acabe.,,,,,,Monster Horde,
140105302,Infinite Spire,,Derrote todos os monstros antes que o tempo acabe.,,,,,,,
140105303,Infinite Spire,,Derrote {Param}{jstag:} antes que o tempo acabe.,,,,,,Monster Horde,
140105304,Infinite Spire,,Derrote {Param}{jstag:} antes que o tempo acabe.,,,,,,Ironblood Brigade Leader,
140105305,Infinite Spire,,Derrote todos os monstros antes que o tempo acabe.,,,,,,,
140105306,Infinite Spire,,Derrote {Param}{jstag:} antes que o tempo acabe.,,,,,,Monster Horde,
140105307,Infinite Spire,,Derrote todos os monstros antes que o tempo acabe.,,,,,,,
140105308,Infinite Spire,,Derrote {Param}{jstag:} antes que o tempo acabe.,,,,,,Monster Horde,
140105309,Infinite Spire,,Derrote {Param}{jstag:} antes que o tempo acabe.,,,,,,Apostle Valbas,
140105400,Infinite Spire,,"Defeat as many monsters as you can before time runs out.
Slaying chefes grants massive points!",,,,,,,
140105401,Infinite Spire,,Derrote {Param}{jstag:} antes que o tempo acabe.,,,,,,Monster Horde,
140105402,Infinite Spire,,Derrote todos os monstros antes que o tempo acabe.,,,,,,,
140105403,Infinite Spire,,Derrote {Param}{jstag:} antes que o tempo acabe.,,,,,,Monster Horde,
140105404,Infinite Spire,,Derrote {Param}{jstag:} antes que o tempo acabe.,,,,,,Xeros,
140105405,Infinite Spire,,Derrote todos os monstros antes que o tempo acabe.,,,,,,,
140105406,Infinite Spire,,Derrote {Param}{jstag:} antes que o tempo acabe.,,,,,,Monster Horde,
140105407,Infinite Spire,,Derrote todos os monstros antes que o tempo acabe.,,,,,,,
140105408,Infinite Spire,,Derrote {Param}{jstag:} antes que o tempo acabe.,,,,,,Monster Horde,
140105409,Infinite Spire,,Derrote {Param}{jstag:} antes que o tempo acabe.,,,,,,Apostle Logos,
140105500,Infinite Spire,,"Defeat as many monsters as you can before time runs out.
Slaying chefes grants massive points!",,,,,,,
140105501,Infinite Spire,,Derrote {Param}{jstag:} antes que o tempo acabe.,,,,,,Monster Horde,
140105502,Infinite Spire,,Derrote todos os monstros antes que o tempo acabe.,,,,,,,
140105503,Infinite Spire,,Derrote {Param}{jstag:} antes que o tempo acabe.,,,,,,Monster Horde,
140105504,Infinite Spire,,Derrote {Param}{jstag:} antes que o tempo acabe.,,,,,,Astrid,
140105505,Infinite Spire,,Derrote todos os monstros antes que o tempo acabe.,,,,,,,
140105506,Infinite Spire,,Derrote {Param}{jstag:} antes que o tempo acabe.,,,,,,Monster Horde,
140105507,Infinite Spire,,Derrote todos os monstros antes que o tempo acabe.,,,,,,,
140105508,Infinite Spire,,Derrote {Param}{jstag:} antes que o tempo acabe.,,,,,,Monster Horde,
140105509,Infinite Spire,,Derrote {Param}{jstag:} antes que o tempo acabe.,,,,,,Fahad,
140105600,Infinite Spire,,"Defeat as many monsters as you can before time runs out.
Slaying chefes grants massive points!",,,,,,,
140106101,Infinite Spire,,Derrote {Param}{jstag:} antes que o tempo acabe.,,,,,,Monster Horde,
140106102,Infinite Spire,,Derrote todos os monstros antes que o tempo acabe.,,,,,,,
140106103,Infinite Spire,,Derrote {Param}{jstag:} antes que o tempo acabe.,,,,,,Monster Horde,
140106104,Infinite Spire,,Derrote {Param}{jstag:} antes que o tempo acabe.,,,,,,Karugura,
140106105,Infinite Spire,,Derrote todos os monstros antes que o tempo acabe.,,,,,,,
140106106,Infinite Spire,,Derrote {Param}{jstag:} antes que o tempo acabe.,,,,,,Monster Horde,
140106107,Infinite Spire,,Derrote todos os monstros antes que o tempo acabe.,,,,,,,
140106108,Infinite Spire,,Derrote {Param}{jstag:} antes que o tempo acabe.,,,,,,Monster Horde,
140106109,Infinite Spire,,Derrote {Param}{jstag:} antes que o tempo acabe.,,,,,,Shagriga,
140106200,Infinite Spire,,"Defeat as many monsters as you can before time runs out.
Slaying chefes grants massive points!",,,,,,,
140106201,Infinite Spire,,Derrote {Param}{jstag:} antes que o tempo acabe.,,,,,,Monster Horde,
140106202,Infinite Spire,,Derrote todos os monstros antes que o tempo acabe.,,,,,,,
140106203,Infinite Spire,,Derrote {Param}{jstag:} antes que o tempo acabe.,,,,,,Monster Horde,
140106204,Infinite Spire,,Derrote {Param}{jstag:} antes que o tempo acabe.,,,,,,Shadow Wolf Leader,
140106205,Infinite Spire,,Derrote todos os monstros antes que o tempo acabe.,,,,,,,
140106206,Infinite Spire,,Derrote {Param}{jstag:} antes que o tempo acabe.,,,,,,Monster Horde,
140106207,Infinite Spire,,Derrote todos os monstros antes que o tempo acabe.,,,,,,,
140106208,Infinite Spire,,Derrote {Param}{jstag:} antes que o tempo acabe.,,,,,,Monster Horde,
140106209,Infinite Spire,,Derrote {Param}{jstag:} antes que o tempo acabe.,,,,,,Paradise Advent Prophet,
140106300,Infinite Spire,,"Defeat as many monsters as you can before time runs out.
Slaying chefes grants massive points!",,,,,,,
140106301,Infinite Spire,,Derrote {Param}{jstag:} antes que o tempo acabe.,,,,,,Monster Horde,
140106302,Infinite Spire,,Derrote todos os monstros antes que o tempo acabe.,,,,,,,
140106303,Infinite Spire,,Derrote {Param}{jstag:} antes que o tempo acabe.,,,,,,Monster Horde,
140106304,Infinite Spire,,Derrote {Param}{jstag:} antes que o tempo acabe.,,,,,,Ironblood Brigade Leader,
140106305,Infinite Spire,,Derrote todos os monstros antes que o tempo acabe.,,,,,,,
140106306,Infinite Spire,,Derrote {Param}{jstag:} antes que o tempo acabe.,,,,,,Monster Horde,
140106307,Infinite Spire,,Derrote todos os monstros antes que o tempo acabe.,,,,,,,
140106308,Infinite Spire,,Derrote {Param}{jstag:} antes que o tempo acabe.,,,,,,Monster Horde,
140106309,Infinite Spire,,Derrote {Param}{jstag:} antes que o tempo acabe.,,,,,,Apostle Valbas,
140106400,Infinite Spire,,"Defeat as many monsters as you can before time runs out.
Slaying chefes grants massive points!",,,,,,,
140106401,Infinite Spire,,Derrote {Param}{jstag:} antes que o tempo acabe.,,,,,,Monster Horde,
140106402,Infinite Spire,,Derrote todos os monstros antes que o tempo acabe.,,,,,,,
140106403,Infinite Spire,,Derrote {Param}{jstag:} antes que o tempo acabe.,,,,,,Monster Horde,
140106404,Infinite Spire,,Derrote {Param}{jstag:} antes que o tempo acabe.,,,,,,Xeros,
140106405,Infinite Spire,,Derrote todos os monstros antes que o tempo acabe.,,,,,,,
140106406,Infinite Spire,,Derrote {Param}{jstag:} antes que o tempo acabe.,,,,,,Monster Horde,
140106407,Infinite Spire,,Derrote todos os monstros antes que o tempo acabe.,,,,,,,
140106408,Infinite Spire,,Derrote {Param}{jstag:} antes que o tempo acabe.,,,,,,Monster Horde,
140106409,Infinite Spire,,Derrote {Param}{jstag:} antes que o tempo acabe.,,,,,,Apostle Logos,
140106500,Infinite Spire,,"Defeat as many monsters as you can before time runs out.
Slaying chefes grants massive points!",,,,,,,
140106501,Infinite Spire,,Derrote {Param}{jstag:} antes que o tempo acabe.,,,,,,Monster Horde,
140106502,Infinite Spire,,Derrote todos os monstros antes que o tempo acabe.,,,,,,,
140106503,Infinite Spire,,Derrote {Param}{jstag:} antes que o tempo acabe.,,,,,,Monster Horde,
140106504,Infinite Spire,,Derrote {Param}{jstag:} antes que o tempo acabe.,,,,,,Astrid,
140106505,Infinite Spire,,Derrote todos os monstros antes que o tempo acabe.,,,,,,,
140106506,Infinite Spire,,Derrote {Param}{jstag:} antes que o tempo acabe.,,,,,,Monster Horde,
140106507,Infinite Spire,,Derrote todos os monstros antes que o tempo acabe.,,,,,,,
140106508,Infinite Spire,,Derrote {Param}{jstag:} antes que o tempo acabe.,,,,,,Monster Horde,
140106509,Infinite Spire,,Derrote {Param}{jstag:} antes que o tempo acabe.,,,,,,Fahad,
140106600,Infinite Spire,,"Defeat as many monsters as you can before time runs out.
Slaying chefes grants massive points!",,,,,,,
140107101,Infinite Spire,,Derrote {Param}{jstag:} antes que o tempo acabe.,,,,,,Monster Horde,
140107102,Infinite Spire,,Derrote todos os monstros antes que o tempo acabe.,,,,,,,
140107103,Infinite Spire,,Derrote {Param}{jstag:} antes que o tempo acabe.,,,,,,Monster Horde,
140107104,Infinite Spire,,Derrote {Param}{jstag:} antes que o tempo acabe.,,,,,,Karugura,
140107105,Infinite Spire,,Derrote todos os monstros antes que o tempo acabe.,,,,,,,
140107106,Infinite Spire,,Derrote {Param}{jstag:} antes que o tempo acabe.,,,,,,Monster Horde,
140107107,Infinite Spire,,Derrote todos os monstros antes que o tempo acabe.,,,,,,,
140107108,Infinite Spire,,Derrote {Param}{jstag:} antes que o tempo acabe.,,,,,,Monster Horde,
140107109,Infinite Spire,,Derrote {Param}{jstag:} antes que o tempo acabe.,,,,,,Shagriga,
140107200,Infinite Spire,,"Defeat as many monsters as you can before time runs out.
Slaying chefes grants massive points!",,,,,,,
140107201,Infinite Spire,,Derrote {Param}{jstag:} antes que o tempo acabe.,,,,,,Monster Horde,
140107202,Infinite Spire,,Derrote todos os monstros antes que o tempo acabe.,,,,,,,
140107203,Infinite Spire,,Derrote {Param}{jstag:} antes que o tempo acabe.,,,,,,Monster Horde,
140107204,Infinite Spire,,Derrote {Param}{jstag:} antes que o tempo acabe.,,,,,,Shadow Wolf Leader,
140107205,Infinite Spire,,Derrote todos os monstros antes que o tempo acabe.,,,,,,,
140107206,Infinite Spire,,Derrote {Param}{jstag:} antes que o tempo acabe.,,,,,,Monster Horde,
140107207,Infinite Spire,,Derrote todos os monstros antes que o tempo acabe.,,,,,,,
140107208,Infinite Spire,,Derrote {Param}{jstag:} antes que o tempo acabe.,,,,,,Monster Horde,
140107209,Infinite Spire,,Derrote {Param}{jstag:} antes que o tempo acabe.,,,,,,Paradise Advent Prophet,
140107300,Infinite Spire,,"Defeat as many monsters as you can before time runs out.
Slaying chefes grants massive points!",,,,,,,
140107301,Infinite Spire,,Derrote {Param}{jstag:} antes que o tempo acabe.,,,,,,Monster Horde,
140107302,Infinite Spire,,Derrote todos os monstros antes que o tempo acabe.,,,,,,,
140107303,Infinite Spire,,Derrote {Param}{jstag:} antes que o tempo acabe.,,,,,,Monster Horde,
140107304,Infinite Spire,,Derrote {Param}{jstag:} antes que o tempo acabe.,,,,,,Ironblood Brigade Leader,
140107305,Infinite Spire,,Derrote todos os monstros antes que o tempo acabe.,,,,,,,
140107306,Infinite Spire,,Derrote {Param}{jstag:} antes que o tempo acabe.,,,,,,Monster Horde,
140107307,Infinite Spire,,Derrote todos os monstros antes que o tempo acabe.,,,,,,,
140107308,Infinite Spire,,Derrote {Param}{jstag:} antes que o tempo acabe.,,,,,,Monster Horde,
140107309,Infinite Spire,,Derrote {Param}{jstag:} antes que o tempo acabe.,,,,,,Apostle Valbas,
140107400,Infinite Spire,,"Defeat as many monsters as you can before time runs out.
Slaying chefes grants massive points!",,,,,,,
140107401,Infinite Spire,,Derrote {Param}{jstag:} antes que o tempo acabe.,,,,,,Monster Horde,
140107402,Infinite Spire,,Derrote todos os monstros antes que o tempo acabe.,,,,,,,
140107403,Infinite Spire,,Derrote {Param}{jstag:} antes que o tempo acabe.,,,,,,Monster Horde,
140107404,Infinite Spire,,Derrote {Param}{jstag:} antes que o tempo acabe.,,,,,,Xeros,
140107405,Infinite Spire,,Derrote todos os monstros antes que o tempo acabe.,,,,,,,
140107406,Infinite Spire,,Derrote {Param}{jstag:} antes que o tempo acabe.,,,,,,Monster Horde,
140107407,Infinite Spire,,Derrote todos os monstros antes que o tempo acabe.,,,,,,,
140107408,Infinite Spire,,Derrote {Param}{jstag:} antes que o tempo acabe.,,,,,,Monster Horde,
140107409,Infinite Spire,,Derrote {Param}{jstag:} antes que o tempo acabe.,,,,,,Apostle Logos,
140107500,Infinite Spire,,"Defeat as many monsters as you can before time runs out.
Slaying chefes grants massive points!",,,,,,,
140107501,Infinite Spire,,Derrote {Param}{jstag:} antes que o tempo acabe.,,,,,,Monster Horde,
140107502,Infinite Spire,,Derrote todos os monstros antes que o tempo acabe.,,,,,,,
140107503,Infinite Spire,,Derrote {Param}{jstag:} antes que o tempo acabe.,,,,,,Monster Horde,
140107504,Infinite Spire,,Derrote {Param}{jstag:} antes que o tempo acabe.,,,,,,Astrid,
140107505,Infinite Spire,,Derrote todos os monstros antes que o tempo acabe.,,,,,,,
140107506,Infinite Spire,,Derrote {Param}{jstag:} antes que o tempo acabe.,,,,,,Monster Horde,
140107507,Infinite Spire,,Derrote todos os monstros antes que o tempo acabe.,,,,,,,
140107508,Infinite Spire,,Derrote {Param}{jstag:} antes que o tempo acabe.,,,,,,Monster Horde,
140107509,Infinite Spire,,Derrote {Param}{jstag:} antes que o tempo acabe.,,,,,,Fahad,
140107600,Infinite Spire,,"Defeat as many monsters as you can before time runs out.
Slaying chefes grants massive points!",,,,,,,
140108101,Infinite Spire,,Derrote {Param}{jstag:} antes que o tempo acabe.,,,,,,Monster Horde,
140108102,Infinite Spire,,Derrote todos os monstros antes que o tempo acabe.,,,,,,,
140108103,Infinite Spire,,Derrote {Param}{jstag:} antes que o tempo acabe.,,,,,,Monster Horde,
140108104,Infinite Spire,,Derrote {Param}{jstag:} antes que o tempo acabe.,,,,,,Karugura,
140108105,Infinite Spire,,Derrote todos os monstros antes que o tempo acabe.,,,,,,,
140108106,Infinite Spire,,Derrote {Param}{jstag:} antes que o tempo acabe.,,,,,,Monster Horde,
140108107,Infinite Spire,,Derrote todos os monstros antes que o tempo acabe.,,,,,,,
140108108,Infinite Spire,,Derrote {Param}{jstag:} antes que o tempo acabe.,,,,,,Monster Horde,
140108109,Infinite Spire,,Derrote {Param}{jstag:} antes que o tempo acabe.,,,,,,Shagriga,
140108200,Infinite Spire,,"Defeat as many monsters as you can before time runs out.
Slaying chefes grants massive points!",,,,,,,
140108201,Infinite Spire,,Derrote {Param}{jstag:} antes que o tempo acabe.,,,,,,Monster Horde,
140108202,Infinite Spire,,Derrote todos os monstros antes que o tempo acabe.,,,,,,,
140108203,Infinite Spire,,Derrote {Param}{jstag:} antes que o tempo acabe.,,,,,,Monster Horde,
140108204,Infinite Spire,,Derrote {Param}{jstag:} antes que o tempo acabe.,,,,,,Shadow Wolf Leader,
140108205,Infinite Spire,,Derrote todos os monstros antes que o tempo acabe.,,,,,,,
140108206,Infinite Spire,,Derrote {Param}{jstag:} antes que o tempo acabe.,,,,,,Monster Horde,
140108207,Infinite Spire,,Derrote todos os monstros antes que o tempo acabe.,,,,,,,
140108208,Infinite Spire,,Derrote {Param}{jstag:} antes que o tempo acabe.,,,,,,Monster Horde,
140108209,Infinite Spire,,Derrote {Param}{jstag:} antes que o tempo acabe.,,,,,,Paradise Advent Prophet,
140108300,Infinite Spire,,"Defeat as many monsters as you can before time runs out.
Slaying chefes grants massive points!",,,,,,,
140108301,Infinite Spire,,Derrote {Param}{jstag:} antes que o tempo acabe.,,,,,,Monster Horde,
140108302,Infinite Spire,,Derrote todos os monstros antes que o tempo acabe.,,,,,,,
140108303,Infinite Spire,,Derrote {Param}{jstag:} antes que o tempo acabe.,,,,,,Monster Horde,
140108304,Infinite Spire,,Derrote {Param}{jstag:} antes que o tempo acabe.,,,,,,Ironblood Brigade Leader,
140108305,Infinite Spire,,Derrote todos os monstros antes que o tempo acabe.,,,,,,,
140108306,Infinite Spire,,Derrote {Param}{jstag:} antes que o tempo acabe.,,,,,,Monster Horde,
140108307,Infinite Spire,,Derrote todos os monstros antes que o tempo acabe.,,,,,,,
140108308,Infinite Spire,,Derrote {Param}{jstag:} antes que o tempo acabe.,,,,,,Monster Horde,
140108309,Infinite Spire,,Derrote {Param}{jstag:} antes que o tempo acabe.,,,,,,Apostle Valbas,
140108400,Infinite Spire,,"Defeat as many monsters as you can before time runs out.
Slaying chefes grants massive points!",,,,,,,
140108401,Infinite Spire,,Derrote {Param}{jstag:} antes que o tempo acabe.,,,,,,Monster Horde,
140108402,Infinite Spire,,Derrote todos os monstros antes que o tempo acabe.,,,,,,,
140108403,Infinite Spire,,Derrote {Param}{jstag:} antes que o tempo acabe.,,,,,,Monster Horde,
140108404,Infinite Spire,,Derrote {Param}{jstag:} antes que o tempo acabe.,,,,,,Xeros,
140108405,Infinite Spire,,Derrote todos os monstros antes que o tempo acabe.,,,,,,,
140108406,Infinite Spire,,Derrote {Param}{jstag:} antes que o tempo acabe.,,,,,,Monster Horde,
140108407,Infinite Spire,,Derrote todos os monstros antes que o tempo acabe.,,,,,,,
140108408,Infinite Spire,,Derrote {Param}{jstag:} antes que o tempo acabe.,,,,,,Monster Horde,
140108409,Infinite Spire,,Derrote {Param}{jstag:} antes que o tempo acabe.,,,,,,Apostle Logos,
140108500,Infinite Spire,,"Defeat as many monsters as you can before time runs out.
Slaying chefes grants massive points!",,,,,,,
140108501,Infinite Spire,,Derrote {Param}{jstag:} antes que o tempo acabe.,,,,,,Monster Horde,
140108502,Infinite Spire,,Derrote todos os monstros antes que o tempo acabe.,,,,,,,
140108503,Infinite Spire,,Derrote {Param}{jstag:} antes que o tempo acabe.,,,,,,Monster Horde,
140108504,Infinite Spire,,Derrote {Param}{jstag:} antes que o tempo acabe.,,,,,,Astrid,
140108505,Infinite Spire,,Derrote todos os monstros antes que o tempo acabe.,,,,,,,
140108506,Infinite Spire,,Derrote {Param}{jstag:} antes que o tempo acabe.,,,,,,Monster Horde,
140108507,Infinite Spire,,Derrote todos os monstros antes que o tempo acabe.,,,,,,,
140108508,Infinite Spire,,Derrote {Param}{jstag:} antes que o tempo acabe.,,,,,,Monster Horde,
140108509,Infinite Spire,,Derrote {Param}{jstag:} antes que o tempo acabe.,,,,,,Fahad,
140108600,Infinite Spire,,"Defeat as many monsters as you can before time runs out.
Slaying chefes grants massive points!",,,,,,,
140109101,Infinite Spire,,Derrote {Param}{jstag:} antes que o tempo acabe.,,,,,,Monster Horde,
140109102,Infinite Spire,,Derrote todos os monstros antes que o tempo acabe.,,,,,,,
140109103,Infinite Spire,,Derrote {Param}{jstag:} antes que o tempo acabe.,,,,,,Monster Horde,
140109104,Infinite Spire,,Derrote {Param}{jstag:} antes que o tempo acabe.,,,,,,Karugura,
140109105,Infinite Spire,,Derrote todos os monstros antes que o tempo acabe.,,,,,,,
140109106,Infinite Spire,,Derrote {Param}{jstag:} antes que o tempo acabe.,,,,,,Monster Horde,
140109107,Infinite Spire,,Derrote todos os monstros antes que o tempo acabe.,,,,,,,
140109108,Infinite Spire,,Derrote {Param}{jstag:} antes que o tempo acabe.,,,,,,Monster Horde,
140109109,Infinite Spire,,Derrote {Param}{jstag:} antes que o tempo acabe.,,,,,,Shagriga,
140109200,Infinite Spire,,"Defeat as many monsters as you can before time runs out.
Slaying chefes grants massive points!",,,,,,,
140109201,Infinite Spire,,Derrote {Param}{jstag:} antes que o tempo acabe.,,,,,,Monster Horde,
140109202,Infinite Spire,,Derrote todos os monstros antes que o tempo acabe.,,,,,,,
140109203,Infinite Spire,,Derrote {Param}{jstag:} antes que o tempo acabe.,,,,,,Monster Horde,
140109204,Infinite Spire,,Derrote {Param}{jstag:} antes que o tempo acabe.,,,,,,Shadow Wolf Leader,
140109205,Infinite Spire,,Derrote todos os monstros antes que o tempo acabe.,,,,,,,
140109206,Infinite Spire,,Derrote {Param}{jstag:} antes que o tempo acabe.,,,,,,Monster Horde,
140109207,Infinite Spire,,Derrote todos os monstros antes que o tempo acabe.,,,,,,,
140109208,Infinite Spire,,Derrote {Param}{jstag:} antes que o tempo acabe.,,,,,,Monster Horde,
140109209,Infinite Spire,,Derrote {Param}{jstag:} antes que o tempo acabe.,,,,,,Paradise Advent Prophet,
140109300,Infinite Spire,,"Defeat as many monsters as you can before time runs out.
Slaying chefes grants massive points!",,,,,,,
140109301,Infinite Spire,,Derrote {Param}{jstag:} antes que o tempo acabe.,,,,,,Monster Horde,
140109302,Infinite Spire,,Derrote todos os monstros antes que o tempo acabe.,,,,,,,
140109303,Infinite Spire,,Derrote {Param}{jstag:} antes que o tempo acabe.,,,,,,Monster Horde,
140109304,Infinite Spire,,Derrote {Param}{jstag:} antes que o tempo acabe.,,,,,,Ironblood Brigade Leader,
140109305,Infinite Spire,,Derrote todos os monstros antes que o tempo acabe.,,,,,,,
140109306,Infinite Spire,,Derrote {Param}{jstag:} antes que o tempo acabe.,,,,,,Monster Horde,
140109307,Infinite Spire,,Derrote todos os monstros antes que o tempo acabe.,,,,,,,
140109308,Infinite Spire,,Derrote {Param}{jstag:} antes que o tempo acabe.,,,,,,Monster Horde,
140109309,Infinite Spire,,Derrote {Param}{jstag:} antes que o tempo acabe.,,,,,,Apostle Valbas,
140109400,Infinite Spire,,"Defeat as many monsters as you can before time runs out.
Slaying chefes grants massive points!",,,,,,,
140109401,Infinite Spire,,Derrote {Param}{jstag:} antes que o tempo acabe.,,,,,,Monster Horde,
140109402,Infinite Spire,,Derrote todos os monstros antes que o tempo acabe.,,,,,,,
140109403,Infinite Spire,,Derrote {Param}{jstag:} antes que o tempo acabe.,,,,,,Monster Horde,
140109404,Infinite Spire,,Derrote {Param}{jstag:} antes que o tempo acabe.,,,,,,Xeros,
140109405,Infinite Spire,,Derrote todos os monstros antes que o tempo acabe.,,,,,,,
140109406,Infinite Spire,,Derrote {Param}{jstag:} antes que o tempo acabe.,,,,,,Monster Horde,
140109407,Infinite Spire,,Derrote todos os monstros antes que o tempo acabe.,,,,,,,
140109408,Infinite Spire,,Derrote {Param}{jstag:} antes que o tempo acabe.,,,,,,Monster Horde,
140109409,Infinite Spire,,Derrote {Param}{jstag:} antes que o tempo acabe.,,,,,,Apostle Logos,
140109500,Infinite Spire,,"Defeat as many monsters as you can before time runs out.
Slaying chefes grants massive points!",,,,,,,
140109501,Infinite Spire,,Derrote {Param}{jstag:} antes que o tempo acabe.,,,,,,Monster Horde,
140109502,Infinite Spire,,Derrote todos os monstros antes que o tempo acabe.,,,,,,,
140109503,Infinite Spire,,Derrote {Param}{jstag:} antes que o tempo acabe.,,,,,,Monster Horde,
140109504,Infinite Spire,,Derrote {Param}{jstag:} antes que o tempo acabe.,,,,,,Astrid,
140109505,Infinite Spire,,Derrote todos os monstros antes que o tempo acabe.,,,,,,,
140109506,Infinite Spire,,Derrote {Param}{jstag:} antes que o tempo acabe.,,,,,,Monster Horde,
140109507,Infinite Spire,,Derrote todos os monstros antes que o tempo acabe.,,,,,,,
140109508,Infinite Spire,,Derrote {Param}{jstag:} antes que o tempo acabe.,,,,,,Monster Horde,
140109509,Infinite Spire,,Derrote {Param}{jstag:} antes que o tempo acabe.,,,,,,Fahad,
140109600,Infinite Spire,,"Defeat as many monsters as you can before time runs out.
Slaying chefes grants massive points!",,,,,,,
15010101,Enhancement Barrier: Level {IntParam},,Barreira de Aprimoramento: nível {IntParam},,,,,,,
15010102,Enhancement Barrier: Level {IntParam},,Barreira de Aprimoramento: nível {IntParam},,,,,,,
15010103,Enhancement Barrier: Level {IntParam},,Barreira de Aprimoramento: nível {IntParam},,,,,,,
15010104,Enhancement Barrier: Level {IntParam},,Barreira de Aprimoramento: nível {IntParam},,,,,,,
15010105,Enhancement Barrier: Level {IntParam},,Barreira de Aprimoramento: nível {IntParam},,,,,,,
15010106,Enhancement Barrier: Level {IntParam},,Barreira de Aprimoramento: nível {IntParam},,,,,,,
15010107,Enhancement Barrier: Level {IntParam},,Barreira de Aprimoramento: nível {IntParam},,,,,,,
15010108,Enhancement Barrier: Level {IntParam},,Barreira de Aprimoramento: nível {IntParam},,,,,,,
15010201,Golden Barrier: Level {IntParam},,Barreira Dourada: nível {IntParam},,,,,,,
15010202,Golden Barrier: Level {IntParam},,Barreira Dourada: nível {IntParam},,,,,,,
15010203,Golden Barrier: Level {IntParam},,Barreira Dourada: nível {IntParam},,,,,,,
15010204,Golden Barrier: Level {IntParam},,Barreira Dourada: nível {IntParam},,,,,,,
15010205,Golden Barrier: Level {IntParam},,Barreira Dourada: nível {IntParam},,,,,,,
15010206,Golden Barrier: Level {IntParam},,Barreira Dourada: nível {IntParam},,,,,,,
15010207,Golden Barrier: Level {IntParam},,Barreira Dourada: nível {IntParam},,,,,,,
15010208,Golden Barrier: Level {IntParam},,Barreira Dourada: nível {IntParam},,,,,,,
15070101,Barrier of the Unknown: Level {IntParam},,Barreira do Desconhecido: nível {IntParam},,,,,,,
15070102,Barrier of the Unknown: Level {IntParam},,Barreira do Desconhecido: nível {IntParam},,,,,,,
15070103,Barrier of the Unknown: Level {IntParam},,Barreira do Desconhecido: nível {IntParam},,,,,,,
15070104,Barrier of the Unknown: Level {IntParam},,Barreira do Desconhecido: nível {IntParam},,,,,,,
15070105,Barrier of the Unknown: Level {IntParam},,Barreira do Desconhecido: nível {IntParam},,,,,,,
15070106,Barrier of the Unknown: Level {IntParam},,Barreira do Desconhecido: nível {IntParam},,,,,,,
15070107,Barrier of the Unknown: Level {IntParam},,Barreira do Desconhecido: nível {IntParam},,,,,,,
15070108,Barrier of the Unknown: Level {IntParam},,Barreira do Desconhecido: nível {IntParam},,,,,,,
16010101,Averus · {StringParam},Nível {IntParam},Derrote Averus e liberte o espaço-tempo que ele aprisionou.,,,,,Level 1,,
16010102,Averus · {StringParam},Nível {IntParam},Derrote Averus e liberte o espaço-tempo que ele aprisionou.,,,,,Level 2,,
16010103,Averus · {StringParam},Nível {IntParam},Derrote Averus e liberte o espaço-tempo que ele aprisionou.,,,,,Level 3,,
16010104,Averus · {StringParam},Nível {IntParam},Derrote Averus e liberte o espaço-tempo que ele aprisionou.,,,,,Level 4,,
17010101,Hall of Proof,,Bring glory to your clan by slaying as many chefes as possible before time runs out.,,,,,,,
