Id,Name
100,Local atual
101,
102,
103,
104,
105,
106,Marcador de Local
107,
108,
109,
110,
111,
112,
113,Rastrear Alvo
114,
115,Outlaw
150,
151,
201,Observatório
202,Santuário Etéreo
203,Trial Gates
204,Baú de Tesouro Especial
206,<Talim>trial</>
207,Giant's Remanescentes
208,Baú de tesouro
211,Portal de incursão
212,Portal de incursão
213,Portal de incursão
214,Portal de incursão
221,Portal da Grande Incursão
222,Portal da Grande Incursão
223,Portal da Grande Incursão
224,Portal da Grande Incursão
231,Portal de Incursão das Sombras
232,Portal de Incursão das Sombras
233,Portal de Incursão das Sombras
234,Portal de Incursão das Sombras
300,
301,Monólito
302,Torre de Buff
303,Monstro de Buff
304,
305,
306,
311,Monólito
312,Monólito
313,Monólito
350,
351,
352,
353,
354,
355,
356,
357,
358,
400,Clan Beacon
401,
404,
405,
406,
407,
408,
409,
420,Angbar Arena
430,Semente de réplica
431,Semente de réplica
440,Hall of Proof
500,Santuário
601,Pinos de mapa
602,Pinos de mapa
603,Pinos de mapa
604,Pinos de mapa
605,Pinos de mapa
606,Pinos de mapa
607,Pinos de mapa
608,Pinos de mapa
701,Quest
702,Quest
703,Quest
704,Quest
705,Quest
706,Quest
707,Quest
708,Quest
709,Quest
800,Artificial Tesseract
801,Artificial Tesseract do festival
900,
901,
902,
903,
904,
905,
1001,
1002,
1003,
1004,
1005,
1006,
1008,
1009,
1010,
1011,
1012,
1013,
1014,
1015,
1016,
1018,
2001,Reino
2002,Campos de caça
2003,Village
2004,Village
2005,Área de missão
2006,Monolith War Área
5001,
5100,Chefe de campo
5101,
5200,World chefe
5300,Chefe da Giant's Tower
5400,[ClanName] Golem Guardião
5500,Lord of the Abyss
5600,Overlord of the Abyss
5700,Abyssal Shadow
10001,
10002,
10003,
10004,
10005,
101001,Âncoras de Warp
101002,Âncoras de Warp
101011,Village
101012,Village
101013,Village
101014,Village
101015,Village
101016,Village
101017,Village
101018,Village
101019,Village
101021,Campos de caça
101022,Campos de caça
101023,Campos de caça
101024,Campos de caça
101025,Campos de caça
101026,Campos de caça
101027,Campos de caça
101028,Campos de caça
101029,Campos de caça
101051,
101052,
101054,
101055,
101056,
101057,Vending Machine
101058,
101059,
101060,
101061,
101062,
101063,
101064,
101065,
101066,
102001,Âncoras de Warp
102002,Âncoras de Warp
102011,Village
102012,Village
102013,Village
102014,Village
102015,Village
102016,Village
102021,Campos de caça
102022,Campos de caça
102023,Campos de caça
102024,Campos de caça
102025,Campos de caça
102026,Campos de caça
102027,Campos de caça
102028,Campos de caça
102031,Área de missão
102032,Área de missão
102033,Monolith War Área
103001,Âncoras de Warp
103002,Âncoras de Warp
103011,Village
103012,Village
103013,Village
103014,Village
103015,Village
103016,Village
103021,Campos de caça
103022,Campos de caça
103023,Campos de caça
103024,Campos de caça
103025,Campos de caça
103026,Campos de caça
103027,Campos de caça
103028,Campos de caça
103029,Campos de caça
103030,Campos de caça
103031,Campos de caça
103032,Campos de caça
103033,Monolith War Área
104001,Âncoras de Warp
104002,Âncoras de Warp
104011,Village
104012,Village
104013,Village
104014,Village
104015,Village
104016,Village
104017,Village
104018,Village
104019,Village
104021,Campos de caça
104022,Campos de caça
104023,Campos de caça
104024,Campos de caça
104025,Campos de caça
104026,Campos de caça
104027,Campos de caça
104028,Campos de caça
104029,Campos de caça
104033,Monolith War Área
105001,Âncoras de Warp
105002,Âncoras de Warp
105011,Village
105012,Village
105013,Village
105014,Village
105015,Village
105016,Village
105017,Village
105018,Village
105021,Campos de caça
105022,Campos de caça
105023,Campos de caça
105024,Campos de caça
105025,Campos de caça
105026,Campos de caça
105027,Campos de caça
105028,Campos de caça
105029,Campos de caça
200101,
200102,Campos de caça
200103,Tocha de Ashur
200104,
200105,
200106,
200107,
200108,
200110,Village
200111,Campos de caça
200112,Campos de caça
200113,Campos de caça
200114,Tocha de Ashur
200210,Village
200211,Campos de caça
200212,Campos de caça
200213,Campos de caça
200310,Village
200311,Campos de caça
200312,Campos de caça
200313,Campos de caça
200410,Village
200411,Campos de caça
200412,Campos de caça
200413,Campos de caça
301001,
301002,
301003,
301004,
301011,
301012,
301201,
301202,
301301,
301302,
301303,
301304,
301310,
301311,
301312,
301401,
301402,
301901,
301902,
301903,
301904,
301905,
301906,
301907,
301908,
301909,
302099,
302001,Âncoras de Warp
302011,Village
302012,Campos de caça
302013,Campos de caça
302014,Campos de caça
302015,
302016,Guardian of the Abyss
302017,Fortaleza do Abismo
302019,Fortaleza do Abismo
302020,Fortaleza do Abismo
302018,Torre Guardiã do Abismo
302021,Ressonância do Sentinela
302199,
302101,Âncoras de Warp
302111,Village
302112,Campos de caça
302113,Campos de caça
302114,Campos de caça
302115,
302116,Guardian of the Abyss
302117,Fortaleza do Abismo
302119,Fortaleza do Abismo
302120,Fortaleza do Abismo
302118,Torre Guardiã do Abismo
302121,Ressonância do Sentinela
303999,
303001,Âncoras de Warp
303002,Village
303003,Village
303004,Village
303011,Campos de caça
303021,Campos de caça
303101,Campos de caça
