Id,Story
100011,"Ele começou no fundo absoluto, onde nem mesmo ter sobrenome era permitido. Mesmo depois de ser vendido como trabalhador do palácio, ele procurou ganhar dinheiro de qualquer maneira para Mueena, sua única carne e sangue.

Durante meses, ele coletou resíduos de abrasivos descartados pelos cavaleiros, processando-os para parecerem novos e vendendo-os em aldeias fora do castelo. Seu brilhante instinto de sobrevivência chamou a atenção de um mestre de guilda mercantil que frequentava a corte real."
100012,"Ele começou no fundo absoluto, onde nem mesmo ter sobrenome era permitido. Mesmo depois de ser vendido como trabalhador do palácio, ele procurou ganhar dinheiro de qualquer maneira para Mueena, sua única carne e sangue.

Durante meses, ele coletou resíduos de abrasivos descartados pelos cavaleiros, processando-os para parecerem novos e vendendo-os em aldeias fora do castelo. Seu brilhante instinto de sobrevivência chamou a atenção de um mestre de guilda mercantil que frequentava a corte real."
100013,"O líder da guilda mercantil em expansão 'Star of the West' reconheceu a extraordinária qualidade de Aman. Sentindo sua vontade de 'vender qualquer coisa para conseguir dinheiro', ele pegou Aman e lhe ensinou o comércio. 

A guilda procurou garantir um mercado mais amplo, e Aman partiu em uma jornada para a Forsaken Land seguindo o mestre da guilda. Mueena ficou, porém, dizendo que havia encontrado outro caminho."
100014,"O líder da guilda mercantil em expansão 'Star of the West' reconheceu a extraordinária qualidade de Aman. Sentindo sua vontade de 'vender qualquer coisa para conseguir dinheiro', ele pegou Aman e lhe ensinou o comércio. 

A guilda procurou garantir um mercado mais amplo, e Aman partiu em uma jornada para a Forsaken Land seguindo o mestre da guilda. Mueena ficou, porém, dizendo que havia encontrado outro caminho."
100015,"Aman ocasionalmente trocava cartas com Mueena enquanto conquistava seu lugar na guilda. O menino esqueceu completamente o cheiro de abrasivos e se acostumou com o cheiro metálico das moedas de ouro.

No entanto, quando a tragédia aconteceu e o mestre da guilda foi assassinado por mercenários de uma guilda rival, ele foi forçado a carregar o destino da guilda em seus ombros ainda jovem, sem tempo para sofrer."
100016,"Aman ocasionalmente trocava cartas com Mueena enquanto conquistava seu lugar na guilda. O menino esqueceu completamente o cheiro de abrasivos e se acostumou com o cheiro metálico das moedas de ouro.

No entanto, quando a tragédia aconteceu e o mestre da guilda foi assassinado por mercenários de uma guilda rival, ele foi forçado a carregar o destino da guilda em seus ombros ainda jovem, sem tempo para sofrer."
100021,"Ragnar, que já foi um guerreiro de elite do Reino Stormkel, sentiu profundo ceticismo em relação à sua terra natal enquanto ela enlouquecia por causa das lutas pelo poder. 

Porque, em uma terra árida atormentada pelo frio e pela escassez de alimentos o ano todo, lutar pelo trono era um 'luxo' impensável."
100022,"Ragnar, que já foi um guerreiro de elite do Reino Stormkel, sentiu profundo ceticismo em relação à sua terra natal enquanto ela enlouquecia por causa das lutas pelo poder. 

Porque, em uma terra árida atormentada pelo frio e pela escassez de alimentos o ano todo, lutar pelo trono era um 'luxo' impensável."
100023,"Ragnar reuniu pessoas como ele, vagueia que perderam suas casas e fundou o Clã Polaris. Os membros deste clã ganham a vida assumindo comissões, assim como qualquer outro grupo mercenário.

No entanto, ele usou o termo 'Clã', significando um grupo de aventureiros, porque queria enfatizar o significado de renascer como um aventureiro."
100024,"Ragnar reuniu pessoas como ele, vagueia que perderam suas casas e fundou o Clã Polaris. Os membros deste clã ganham a vida assumindo comissões, assim como qualquer outro grupo mercenário.

No entanto, ele usou o termo 'Clã', significando um grupo de aventureiros, porque queria enfatizar o significado de renascer como um aventureiro."
100025,"Ragnar conteve uma maré ancestral de monstros com sua presença avassaladora e coragem rochosa. Ele se dedicou a proteger os fracos que sofriam no deserto árido.

Depois de muito tempo, Ragnar foi nomeado um dos Cinco Divinos pelos residentes, e o Clã Polaris também começou a se tornar conhecido como o grupo mercenário mais habilidoso."
100026,"Ragnar conteve uma maré ancestral de monstros com sua presença avassaladora e coragem rochosa. Ele se dedicou a proteger os fracos que sofriam no deserto árido.

Depois de muito tempo, Ragnar foi nomeado um dos Cinco Divinos pelos residentes, e o Clã Polaris também começou a se tornar conhecido como o grupo mercenário mais habilidoso."
100031,"Azran é o herdeiro da Casa do Leão Branco, uma família de prestígio que já foi elogiada como a 'Espada e Escudo' de Asientet. Sua família foi aniquilada durante a noite devido a uma conspiração liderada conjuntamente pelo Rei, que sentiu que seu trono estava ameaçado, e pela Casa da Cobra Amarela, cegada por seu desejo de poder.

Azran sobreviveu àquelas chamas infernais à custa de sua visão, passando décadas na escuridão da Forsaken Land, aprimorando sua vingança."
100032,"Azran é o herdeiro da Casa do Leão Branco, uma família de prestígio que já foi elogiada como a 'Espada e Escudo' de Asientet. Sua família foi aniquilada durante a noite devido a uma conspiração liderada conjuntamente pelo Rei, que sentiu que seu trono estava ameaçado, e pela Casa da Cobra Amarela, cegada por seu desejo de poder.

Azran sobreviveu àquelas chamas infernais à custa de sua visão, passando décadas na escuridão da Forsaken Land, aprimorando sua vingança."
100033,"Ele teve que permanecer fugindo até não ser mais rastreado e perdeu a visão durante o processo. No entanto, este infeliz evento o tornou ainda mais forte.

Do som, da vibração, do perfume ao mais fraco fluxo de ar, seus sentidos floresceram brilhantemente como se revelassem sua linhagem da Casa do Leão Branco."
100034,"Ele teve que permanecer fugindo até não ser mais rastreado e perdeu a visão durante o processo. No entanto, este infeliz evento o tornou ainda mais forte.

Do som, da vibração, do perfume ao mais fraco fluxo de ar, seus sentidos floresceram brilhantemente como se revelassem sua linhagem da Casa do Leão Branco."
100035,"Azran está rastreando o infame Shadow Wolf Clan, um grupo acusado de cometer todos os tipos de atrocidades sob a proteção de Asientet Archon Fahad.

Decabeçar cada um de seus membros deixa Azran ainda mais perto de se aproximar do cérebro por trás de tudo. Em última análise, é um movimento estratégico que visa o coração do Xá, Rei de Asientet, sentado no seu trono."
100036,"Azran está rastreando o infame Shadow Wolf Clan, um grupo acusado de cometer todos os tipos de atrocidades sob a proteção de Asientet Archon Fahad.

Decabeçar cada um de seus membros deixa Azran ainda mais perto de se aproximar do cérebro por trás de tudo. Em última análise, é um movimento estratégico que visa o coração do Xá, Rei de Asientet, sentado no seu trono."
100041,"Ingel, o líder e comandante do Sverd Mercenaries, é uma das figuras com mais duas caras na Forsaken Land. 

Ele colocou os órfãos sob sua proteção e fez com que o chamassem de 'Pai'. No entanto, para estas crianças, tornar-se mercenário significava apenas uma coisa: ser enviado para morrer."
100042,"Ingel, o líder e comandante do Sverd Mercenaries, é uma das figuras com mais duas caras na Forsaken Land. 

Ele colocou os órfãos sob sua proteção e fez com que o chamassem de 'Pai'. No entanto, para estas crianças, tornar-se mercenário significava apenas uma coisa: ser enviado para morrer."
100043,"Para cada dez órfãos que se tornaram mercenários, apenas um ou dois permaneceram. Enquanto isso, o prestígio do Sverd Mercenaries crescia a cada dia que passava.

Apesar de serem conhecidos como os mercenários mais habilidosos da Forsaken Land, seus números eram poucos e ninguém jamais viu Ingel."
100044,"Para cada dez órfãos que se tornaram mercenários, apenas um ou dois permaneceram. Enquanto isso, o prestígio do Sverd Mercenaries crescia a cada dia que passava.

Apesar de serem conhecidos como os mercenários mais habilidosos da Forsaken Land, seus números eram poucos e ninguém jamais viu Ingel."
100045,"Não foi por acaso que Ingel chamou o Aventureiro para a Forsaken Land. O Aventureiro foi uma das crianças que Ingel manteve por perto, escolhido a dedo pelo potencial bruto. 

Depois de agir como se fosse seu grande provedor como líder dos mercenários, Ingel desapareceu repentinamente e nunca mais voltou. Quando os mercenários finalmente decidiram parar de procurá-lo, chegou uma carta."
100046,"Não foi por acaso que Ingel chamou o Aventureiro para a Forsaken Land. O Aventureiro foi uma das crianças que Ingel manteve por perto, escolhido a dedo pelo potencial bruto. 

Depois de agir como se fosse seu grande provedor como líder dos mercenários, Ingel desapareceu repentinamente e nunca mais voltou. Quando os mercenários finalmente decidiram parar de procurá-lo, chegou uma carta."
100051,"O jovem Muina e Aman vagaram pela terra árida e sem dono. Embora um século tenha se passado desde a queda de Karadia, que já governou a terra, seus descendentes viveram no exílio, morrendo em desprezo, sem ter para onde ir.

Sua mãe costumava sussurrar-lhes as lendas de Karadia todas as noites. Depois de perdê-la para os Mercadores de Escravos, os dois juraram garantir que não houvesse outras vítimas."
100052,"O jovem Muina e Aman vagaram pela terra árida e sem dono. Embora um século tenha se passado desde a queda de Karadia, que já governou a terra, seus descendentes viveram no exílio, morrendo em desprezo, sem ter para onde ir.

Sua mãe costumava sussurrar-lhes as lendas de Karadia todas as noites. Depois de perdê-la para os Mercadores de Escravos, os dois juraram garantir que não houvesse outras vítimas."
100053,"Vendida para o Reino Asientet como trabalhadora, Muina percebeu que, ao contrário de seu irmão, ela era perfeita para a luta gelada pelo poder do palácio. 

Seu brilho foi notado pela dama de companhia da princesa, o que a levou a ingressar na casa. Muina passou de empregada a dama de companhia e garantiu seu primeiro passo na corte real."
100054,"Vendida para o Reino Asientet como trabalhadora, Muina percebeu que, ao contrário de seu irmão, ela era perfeita para a luta gelada pelo poder do palácio. 

Seu brilho foi notado pela dama de companhia da princesa, o que a levou a ingressar na casa. Muina passou de empregada a dama de companhia e garantiu seu primeiro passo na corte real."
100055,"Com o apoio da Princesa, Muina sugeriu enviar o Chefe da Casa da Cobra Amarela para Babylon sob o pretexto de expansão territorial. o rei aceitou os termos e despachou Muina para vigiar Fahad como seu leal cão de caça. Mas o rei não tinha ideia de que isso também fazia parte do grande projeto de Muina."
100056,"Com o apoio da Princesa, Muina sugeriu enviar o Chefe da Casa da Cobra Amarela para Babylon sob o pretexto de expansão territorial. o rei aceitou os termos e despachou Muina para vigiar Fahad como seu leal cão de caça. Mas o rei não tinha ideia de que isso também fazia parte do grande projeto de Muina."
100061,"A história do berço de ouro de Monica é lendária. As pessoas rastejavam a seus pés e ninguém ousava corrigir sua língua abrasiva.

Ninguém tinha motivo para isso. Ela não estava bêbada de poder, mas apenas falando a verdade."
100062,"A história do berço de ouro de Monica é lendária. As pessoas rastejavam a seus pés e ninguém ousava corrigir sua língua abrasiva.

Ninguém tinha motivo para isso. Ela não estava bêbada de poder, mas apenas falando a verdade."
100063,"Depois de assumir o controle da empresa familiar, essa característica tornou-se mais arraigada. Embora ela tivesse o sustento de centenas de pessoas em suas mãos, julgar o valor de uma pessoa com números não passava de uma lógica ""racional"". Portanto, talvez fosse inevitável que ela acabasse sendo consumida por um tédio esmagador."
100064,"Depois de assumir o controle da empresa familiar, essa característica tornou-se mais arraigada. Embora ela tivesse o sustento de centenas de pessoas em suas mãos, julgar o valor de uma pessoa com números não passava de uma lógica ""racional"". Portanto, talvez fosse inevitável que ela acabasse sendo consumida por um tédio esmagador."
100065,"Deixando o conforto de sua terra natal para trás, Monica dirigiu-se para as Forsaken Lands além das muralhas. Ela escolheu ser Avaliadora, um trabalho não lógico que depende da sorte e dos sentidos.

Cavar o solo e pescar relíquias em habitats de monstros e no mercado negro proporcionou-lhe uma nova catarse. Algo que ela nunca sentiu antes em sua vida."
100066,"Deixando o conforto de sua terra natal para trás, Monica dirigiu-se para as Forsaken Lands além das muralhas. Ela escolheu ser Avaliadora, um trabalho não lógico que depende da sorte e dos sentidos.

Cavar o solo e pescar relíquias em habitats de monstros e no mercado negro proporcionou-lhe uma nova catarse. Algo que ela nunca sentiu antes em sua vida."
100071,"Como um Curador de alto escalão Priest despachado de acordo com o acordo oficial entre Enkia e Babylon, Evrin possui uma característica genética distinta da Tribo Ragar, os ancestrais de Enkia.

Embora ela não possuísse nenhum skills extraordinário, foi mais do que suficiente para lhe valer a classificação de Healer Priest. No entanto, depois de experimentar sua consciência desaparecendo toda vez que ela usava seus poderes ao limite, ela começou a duvidar de suas habilidades."
100072,"Como um Curador de alto escalão Priest despachado de acordo com o acordo oficial entre Enkia e Babylon, Evrin possui uma característica genética distinta da Tribo Ragar, os ancestrais de Enkia.

Embora ela não possuísse nenhum skills extraordinário, foi mais do que suficiente para lhe valer a classificação de Healer Priest. No entanto, depois de experimentar sua consciência desaparecendo toda vez que ela usava seus poderes ao limite, ela começou a duvidar de suas habilidades."
100073,"Movida pela determinação, ela continuou o experimento e a pesquisa usando a si mesma como cobaia durante todo o período de treinamento.

Ela concluiu que o poder que antes se acreditava ser uma bênção ancestral a afastava da humanidade a cada uso. No entanto, Evrin guardou isso para si."
100074,"Movida pela determinação, ela continuou o experimento e a pesquisa usando a si mesma como cobaia durante todo o período de treinamento.

Ela concluiu que o poder que antes se acreditava ser uma bênção ancestral a afastava da humanidade a cada uso. No entanto, Evrin guardou isso para si."
100075,"Em uma sociedade onde qualquer crítica à Tribo Ragar, os grandes ancestrais, Evrin decidiu esperar o momento certo em vez de se apressar para falar.

No entanto, as pessoas começaram a notar que Evrin estava usando cada vez menos sua magia de cura. Logo, rumores de que ela não era uma sacerdote habilidosa rapidamente a alcançaram."
100076,"Em uma sociedade onde qualquer crítica à Tribo Ragar, os grandes ancestrais, Evrin decidiu esperar o momento certo em vez de se apressar para falar.

No entanto, as pessoas começaram a notar que Evrin estava usando cada vez menos sua magia de cura. Logo, rumores de que ela não era uma sacerdote habilidosa rapidamente a alcançaram."
200011,"‘The Forsaken Land’, um reino proibido isolado por uma parede colossal. Babylon, que floresceu milagrosamente no meio da terra árida, é como uma flor no deserto. 

De Asientet a Frantia, Stormkel, Enkia e Krea. Com as cinco nações que decidem o destino do continente em torno de suas fronteiras, Babylon é onde os desejos ocultos de várias raças e classes espiralam."
200012,"‘The Forsaken Land’, um reino proibido isolado por uma parede colossal. Babylon, que floresceu milagrosamente no meio da terra árida, é como uma flor no deserto. 

De Asientet a Frantia, Stormkel, Enkia e Krea. Com as cinco nações que decidem o destino do continente em torno de suas fronteiras, Babylon é onde os desejos ocultos de várias raças e classes espiralam."
200013,"Recusando-se a ser governado por uma nação específica, Babylon é gerenciado como uma nação independente construída por aqueles que vivem dentro das muralhas.

Asientet, Stormkel e Frantia despacharam 'Arcontes' e estabeleceram embaixadas para promover os seus interesses nacionais, mas as suas autoridades vacilam dentro dos muros de Babylon."
200014,"Recusando-se a ser governado por uma nação específica, Babylon é gerenciado como uma nação independente construída por aqueles que vivem dentro das muralhas.

Asientet, Stormkel e Frantia despacharam 'Arcontes' e estabeleceram embaixadas para promover os seus interesses nacionais, mas as suas autoridades vacilam dentro dos muros de Babylon."
200015,"Dentro da cidade, as origens e os interesses nacionais estão emaranhados em uma teia infinita de conflitos. No entanto, os ambientes hostis fora dos muros são o único fio que os une.

Usob o voto unido de “proteger o povo da Forsaken Land e ser pioneiro no desconhecido”, os residentes de Babylon vivem em um paradoxo onde eles miram na garganta uns dos outros, mas ainda cuidam uns dos outros na jornada para a torre."
200016,"Dentro da cidade, as origens e os interesses nacionais estão emaranhados em uma teia infinita de conflitos. No entanto, os ambientes hostis fora dos muros são o único fio que os une.

Usob o voto unido de “proteger o povo da Forsaken Land e ser pioneiro no desconhecido”, os residentes de Babylon vivem em um paradoxo onde eles miram na garganta uns dos outros, mas ainda cuidam uns dos outros na jornada para a torre."
200021,"Desde que a humanidade moderna começou a registrar a história, essa estrutura sempre existiu. A sua presença intimidante, perfurando as nuvens, apoia a teoria de que é uma relíquia de uma civilização antiga e avançada. 

A entrada da torre, que havia sido fechada por razões desconhecidas há um século, foi aberta. O que emergiu não foram meras feras, mas monstros grotescos que desafiaram o ecossistema conhecido do planeta."
200022,"Desde que a humanidade moderna começou a registrar a história, essa estrutura sempre existiu. A sua presença intimidante, perfurando as nuvens, apoia a teoria de que é uma relíquia de uma civilização antiga e avançada. 

A entrada da torre, que havia sido fechada por razões desconhecidas há um século, foi aberta. O que emergiu não foram meras feras, mas monstros grotescos que desafiaram o ecossistema conhecido do planeta."
200023,"Os estudiosos tinham certeza de que eram seres de uma dimensão diferente e chamaram a primeira catástrofe sangrenta de Grande Incursão. 

Desde então, o surto de monstros da torre foi chamado de Incursão e foi registrado como a maior ameaça à humanidade. No processo, a humanidade perdeu o “Berço da Paz” que faz fronteira com todas as cinco nações, e a área passou a ser conhecida como a “Forsaken Land”."
200024,"Os estudiosos tinham certeza de que eram seres de uma dimensão diferente e chamaram a primeira catástrofe sangrenta de Grande Incursão. 

Desde então, o surto de monstros da torre foi chamado de Incursão e foi registrado como a maior ameaça à humanidade. No processo, a humanidade perdeu o “Berço da Paz” que faz fronteira com todas as cinco nações, e a área passou a ser conhecida como a “Forsaken Land”."
200025,"Apesar de ser o epicentro do desastre, o portão aberto alimentou os desejos de muitos. Foi porque a tecnologia desconhecida e os tesouros foram trocados por fortunas.

Os aventureiros começaram a acreditar que o poder de governar o mundo e o conhecimento que transcendia tudo foram encontrados no topo da torre. As pessoas começaram a escalar a torre com suas vidas em risco."
200026,"Apesar de ser o epicentro do desastre, o portão aberto alimentou os desejos de muitos. Foi porque a tecnologia desconhecida e os tesouros foram trocados por fortunas.

Os aventureiros começaram a acreditar que o poder de governar o mundo e o conhecimento que transcendia tudo foram encontrados no topo da torre. As pessoas começaram a escalar a torre com suas vidas em risco."
200031,"Quando a Grande Incursão atingiu o continente, o Reino de Asientet escolheu conspirar em vez de lamentar.

Eles foram a primeira nação a declarar um plano para construir o muro, tornando Asientet o único paraíso a salvo de monstros."
200032,"Quando a Grande Incursão atingiu o continente, o Reino de Asientet escolheu conspirar em vez de lamentar.

Eles foram a primeira nação a declarar um plano para construir o muro, tornando Asientet o único paraíso a salvo de monstros."
200033,"A arquitetura da Asientet era incomparável. Sua capacidade de construir estruturas mais estáveis ​​do que pedra em areias movediças ficou conhecida como a ‘Mão Salvadora’.

Quando Asientet começou a erguer muros, Frantia, Stormkel e Krea também começaram a construir seus próprios muros na borda de seus territórios. A Asientet enriqueceu vendendo sua tecnologia de construção e patentes em troca de fortuna."
200034,"A arquitetura da Asientet era incomparável. Sua capacidade de construir estruturas mais estáveis ​​do que pedra em areias movediças ficou conhecida como a ‘Mão Salvadora’.

Quando Asientet começou a erguer muros, Frantia, Stormkel e Krea também começaram a construir seus próprios muros na borda de seus territórios. A Asientet enriqueceu vendendo sua tecnologia de construção e patentes em troca de fortuna."
200035,"Asientet começou a se mover novamente depois que a parede circular gigante com a Giant's Tower no centro foi concluída e a cidade livre de Babylon começou a subir novamente. Citando seu papel de liderança na construção do muro, eles lideraram o estabelecimento de missões diplomáticas. 

A influência da embaixada dentro de Babylon não era nada comparada à Adventurers Alliance. No entanto, a mesma grande embaixada continua a ser um monumento orgulhoso que simboliza o seu domínio e a sua reivindicação sobre a Forsaken Land."
200036,"Asientet começou a se mover novamente depois que a parede circular gigante com a Giant's Tower no centro foi concluída e a cidade livre de Babylon começou a subir novamente. Citando seu papel de liderança na construção do muro, eles lideraram o estabelecimento de missões diplomáticas. 

A influência da embaixada dentro de Babylon não era nada comparada à Adventurers Alliance. No entanto, a mesma grande embaixada continua a ser um monumento orgulhoso que simboliza o seu domínio e a sua reivindicação sobre a Forsaken Land."
200041,"Taima Pioneer Village é um posto avançado estratégico fundado com o total apoio de Aman, a Merchant Guild Leader.

Metade dos residentes são membros do grupo de comerciantes ‘Star of the West’. Deixando o comércio de lado, eles pegaram seus martelos para construir casas e fornecer recursos, servindo como principal posto avançado dos pioneiros."
200042,"Taima Pioneer Village é um posto avançado estratégico fundado com o total apoio de Aman, a Merchant Guild Leader.

Metade dos residentes são membros do grupo de comerciantes ‘Star of the West’. Deixando o comércio de lado, eles pegaram seus martelos para construir casas e fornecer recursos, servindo como principal posto avançado dos pioneiros."
200043,"A outra metade da vila era formada por vagabundos, bêbados e mercenários cruéis. A única razão pela qual essa multidão sem lei com todos os tipos de status e passados ​​mantidos juntos foram as regras rígidas do Capitão Pioneiro Kamiya.

 Kamiya nunca perguntou sobre o passado daqueles que entraram na aldeia, mas uma vez que seu assentamento foi concedido, eles foram forçados a trabalhar sem exceção. Se eles não quisessem morrer de fome, mesmo os mercenários mais sensíveis não teriam escolha senão abaixar a cabeça."
200044,"A outra metade da vila era formada por vagabundos, bêbados e mercenários cruéis. A única razão pela qual essa multidão sem lei com todos os tipos de status e passados ​​mantidos juntos foram as regras rígidas do Capitão Pioneiro Kamiya.

 Kamiya nunca perguntou sobre o passado daqueles que entraram na aldeia, mas uma vez que seu assentamento foi concedido, eles foram forçados a trabalhar sem exceção. Se eles não quisessem morrer de fome, mesmo os mercenários mais sensíveis não teriam escolha senão abaixar a cabeça."
200045,"Em Taima, a única lei de sobrevivência que está acima de tudo é ‘Aquele que não trabalha, não come’. Esta proposição absoluta serve como força motriz que concebe a tarefa interminável do “pioneirismo”. Todos os alimentos e recursos são distribuídos em troca de trabalho, e a preguiça leva diretamente ao castigo imediato da fome. 

Existe uma enxurrada de interpretações conflitantes sobre as verdadeiras intenções de Aman de implantar comerciantes qualificados em locais pioneiros severos. A teoria mais proeminente é que ele está tentando testar o valor de mercado da área para “imóveis”."
200046,"Em Taima, a única lei de sobrevivência que está acima de tudo é ‘Aquele que não trabalha, não come’. Esta proposição absoluta serve como força motriz que concebe a tarefa interminável do “pioneirismo”. Todos os alimentos e recursos são distribuídos em troca de trabalho, e a preguiça leva diretamente ao castigo imediato da fome. 

Existe uma enxurrada de interpretações conflitantes sobre as verdadeiras intenções de Aman de implantar comerciantes qualificados em locais pioneiros severos. A teoria mais proeminente é que ele está tentando testar o valor de mercado da área para “imóveis”."
200051,"A Paradise Advent Society é uma organização religiosa formada com o objetivo de reconstruir o 'Paraíso Primordial', onde flores floresciam por toda a terra e a paz habitava antes que os monstros começassem a invade.

Eles expandiram sua influência fornecendo alimentos e roupas aos isolados e vulneráveis que sofriam no ambiente hostil da Forsaken Land."
200052,"A Paradise Advent Society é uma organização religiosa formada com o objetivo de reconstruir o 'Paraíso Primordial', onde flores floresciam por toda a terra e a paz habitava antes que os monstros começassem a invade.

Eles expandiram sua influência fornecendo alimentos e roupas aos isolados e vulneráveis que sofriam no ambiente hostil da Forsaken Land."
200053,"‘A Cadeia do Paraíso’, onde os crentes que receberam ajuda retribuem aos necessitados, é elogiada como a forma mais ideal de esforço de socorro, algo que raramente é visto na Forsaken Land.

No entanto, alguns crentes ficaram gravemente doentes e entraram no forte para receber a ‘cura especial’. Esses crentes nunca retornaram, mas a sociedade começou a crescer em número."
200054,"‘A Cadeia do Paraíso’, onde os crentes que receberam ajuda retribuem aos necessitados, é elogiada como a forma mais ideal de esforço de socorro, algo que raramente é visto na Forsaken Land.

No entanto, alguns crentes ficaram gravemente doentes e entraram no forte para receber a ‘cura especial’. Esses crentes nunca retornaram, mas a sociedade começou a crescer em número."
200055,"Alguns mercenários que procuram seus parentes desaparecidos estão convencidos de que esta simples fortaleza na superfície nada mais é do que um 'engano'.

A especulação persiste de que sua verdadeira sede existe nas profundezas de Giant's Garden, ou talvez em algum lugar dentro de um espaço onde o poder mágico da torre está distorcido. Esse lugar pode muito bem ser onde a verdade do “paraíso”, o destino final de tantos desaparecidos, permanece adormecida."
200056,"Alguns mercenários que procuram seus parentes desaparecidos estão convencidos de que esta simples fortaleza na superfície nada mais é do que um 'engano'.

A especulação persiste de que sua verdadeira sede existe nas profundezas de Giant's Garden, ou talvez em algum lugar dentro de um espaço onde o poder mágico da torre está distorcido. Esse lugar pode muito bem ser onde a verdade do “paraíso”, o destino final de tantos desaparecidos, permanece adormecida."
200061,"Os Kuduru, uma raça com inteligência aproximadamente metade da de um humano, habitam o Hallowed Obsidian Mountain. No entanto, por toda a montanha, é possível encontrar torres de vigia de madeira, tigelas de ferro e utensílios de cozinha espalhados.

Por mais estranho que pareça, nenhum dos Kuduru realmente usa as ferramentas que supostamente foram criadas por eles. Eles simplesmente passam o tempo amontoados como feras sob as torres de vigia que construíram."
200062,"Os Kuduru, uma raça com inteligência aproximadamente metade da de um humano, habitam o Hallowed Obsidian Mountain. No entanto, por toda a montanha, é possível encontrar torres de vigia de madeira, tigelas de ferro e utensílios de cozinha espalhados.

Por mais estranho que pareça, nenhum dos Kuduru realmente usa as ferramentas que supostamente foram criadas por eles. Eles simplesmente passam o tempo amontoados como feras sob as torres de vigia que construíram."
200063,"Seu waypoint está localizado dentro dos picos bizarros da montanha que perfura o céu. O interior desses picos é escavado em comunidades enormes, formando um terreno que seria absolutamente impossível de criar apenas através da erosão natural.

Os geólogos estão convencidos de que uma enorme explosão de poder mágico ou um choque mágico de engenharia ocorreu aqui no passado, e que a explosão evaporou completamente o interior da montanha, criando a área bizarra vista hoje."
200064,"Seu waypoint está localizado dentro dos picos bizarros da montanha que perfura o céu. O interior desses picos é escavado em comunidades enormes, formando um terreno que seria absolutamente impossível de criar apenas através da erosão natural.

Os geólogos estão convencidos de que uma enorme explosão de poder mágico ou um choque mágico de engenharia ocorreu aqui no passado, e que a explosão evaporou completamente o interior da montanha, criando a área bizarra vista hoje."
200065,"Os estudiosos estão focados em Frantia, adjacente à esquerda da montanha. Isso ocorre porque testemunhos afirmam que eles conduziram experimentos de 'manipulação de informações de características' em monstros por um longo tempo.

Rumores circulam de que a tribo Kuduru era originalmente uma raça antiga com inteligência igual à dos humanos, mas esta raça infeliz teve seu intelecto regredido à força após exposição contínua ao experimento de Frantia. No entanto, Frantia parece não ter intenção de explicar."
200066,"Os estudiosos estão focados em Frantia, adjacente à esquerda da montanha. Isso ocorre porque testemunhos afirmam que eles conduziram experimentos de 'manipulação de informações de características' em monstros por um longo tempo.

Rumores circulam de que a tribo Kuduru era originalmente uma raça antiga com inteligência igual à dos humanos, mas esta raça infeliz teve seu intelecto regredido à força após exposição contínua ao experimento de Frantia. No entanto, Frantia parece não ter intenção de explicar."
200071,"Frantia Gate é a única passagem pela Grande Muralha que se estende entre o território do país e a Giant's Tower.

No entanto, a segurança é pesada, não para monstros, mas para pessoas. Os residentes gritam alto sobre como a missão principal do guarda é filtrar qualquer um que tente entrar no continente, em vez de deter os monstros."
200072,"Frantia Gate é a única passagem pela Grande Muralha que se estende entre o território do país e a Giant's Tower.

No entanto, a segurança é pesada, não para monstros, mas para pessoas. Os residentes gritam alto sobre como a missão principal do guarda é filtrar qualquer um que tente entrar no continente, em vez de deter os monstros."
200073,"Ao norte do portão fica a base do Ironblood Brigade, um notório grupo de bandidos conhecido pelo tráfico humano. Não importa o quanto os moradores implorem em lágrimas para expulsá-los, os guardas recusam, alegando que nenhuma ordem foi emitida.

Os guardas no portão mantêm uma postura estranhamente passiva. A menos que os monstros se aproximem do portão e atinjam diretamente a parede, eles não reagirão de forma alguma à situação externa."
200074,"Ao norte do portão fica a base do Ironblood Brigade, um notório grupo de bandidos conhecido pelo tráfico humano. Não importa o quanto os moradores implorem em lágrimas para expulsá-los, os guardas recusam, alegando que nenhuma ordem foi emitida.

Os guardas no portão mantêm uma postura estranhamente passiva. A menos que os monstros se aproximem do portão e atinjam diretamente a parede, eles não reagirão de forma alguma à situação externa."
200075,"Entretanto, os guardas não são negligentes nem preguiçosos. Na verdade, eles executam suas ordens tão perfeitamente que as avaliações internas do comandante sobre eles são bastante altas. 

Os residentes os criticam por serem “idiotas inflexíveis que só se importam com ordens de cima”, mas aqueles familiarizados com a situação política de Frantia sugerem que é estritamente para impedir que qualquer pessoa testemunhe quaisquer vestígios dos experimentos."
200076,"Entretanto, os guardas não são negligentes nem preguiçosos. Na verdade, eles executam suas ordens tão perfeitamente que as avaliações internas do comandante sobre eles são bastante altas. 

Os residentes os criticam por serem “idiotas inflexíveis que só se importam com ordens de cima”, mas aqueles familiarizados com a situação política de Frantia sugerem que é estritamente para impedir que qualquer pessoa testemunhe quaisquer vestígios dos experimentos."
300011,
300012,
300013,
300014,
300015,
300016,
300021,
300022,
300023,
300024,
300025,
300026,
300031,
300032,
300033,
300034,
300035,
300036,
400011,
400012,
400013,
400014,
400015,
400016,
