SlotId,Grade,Name,Param
1001,3,Emperor’s Gallery {Param},1
1001,4,Emperor’s Gallery {Param},1
1001,5,Emperor’s Gallery {Param},1
1001,6,Emperor’s Gallery {Param},1
1002,3,Emperor’s Gallery {Param},2
1002,4,Emperor’s Gallery {Param},2
1002,5,Emperor’s Gallery {Param},2
1002,6,Emperor’s Gallery {Param},2
1003,3,Emperor’s Gallery {Param},3
1003,4,Emperor’s Gallery {Param},3
1003,5,Emperor’s Gallery {Param},3
1003,6,Emperor’s Gallery {Param},3
1004,3,Emperor’s Gallery {Param},4
1004,4,Emperor’s Gallery {Param},4
1004,5,Emperor’s Gallery {Param},4
1004,6,Emperor’s Gallery {Param},4
1005,3,Emperor’s Gallery {Param},5
1005,4,Emperor’s Gallery {Param},5
1005,5,Emperor’s Gallery {Param},5
1005,6,Emperor’s Gallery {Param},5
1006,3,Emperor’s Gallery {Param},6
1006,4,Emperor’s Gallery {Param},6
1006,5,Emperor’s Gallery {Param},6
1006,6,Emperor’s Gallery {Param},6
1007,3,Emperor’s Gallery {Param},7
1007,4,Emperor’s Gallery {Param},7
1007,5,Emperor’s Gallery {Param},7
1007,6,Emperor’s Gallery {Param},7
2001,3,Emperor's Armory {Param},1
2001,4,Emperor's Armory {Param},1
2001,5,Emperor's Armory {Param},1
2001,6,Emperor's Armory {Param},1
2002,3,Emperor's Armory {Param},2
2002,4,Emperor's Armory {Param},2
2002,5,Emperor's Armory {Param},2
2002,6,Emperor's Armory {Param},2
2003,3,Emperor's Armory {Param},3
2003,4,Emperor's Armory {Param},3
2003,5,Emperor's Armory {Param},3
2003,6,Emperor's Armory {Param},3
2004,3,Emperor's Armory {Param},4
2004,4,Emperor's Armory {Param},4
2004,5,Emperor's Armory {Param},4
2004,6,Emperor's Armory {Param},4
2005,3,Emperor's Armory {Param},5
2005,4,Emperor's Armory {Param},5
2005,5,Emperor's Armory {Param},5
2005,6,Emperor's Armory {Param},5
2006,3,Emperor's Armory {Param},6
2006,4,Emperor's Armory {Param},6
2006,5,Emperor's Armory {Param},6
2006,6,Emperor's Armory {Param},6
2007,3,Emperor's Armory {Param},7
2007,4,Emperor's Armory {Param},7
2007,5,Emperor's Armory {Param},7
2007,6,Emperor's Armory {Param},7
