Id,Name,Desc,Param
110002002,Launch Limited Summon Special Pack,,
110002003,Architect Starter Pack,,
110002004,Yngel's Summon All-in-One Pack,,
110002005,Grace of the constellations Starter Pack,,
110002006,Thorstein's Explorer Equipment Pack,,
116002001,Shining Summon Step-Up Level {Param},,1
116002002,Shining Summon Step-Up Level {Param},,2
116002003,Shining Summon Step-Up Level {Param},,3
116002004,Shining Summon Step-Up Level {Param},,4
116002005,Shining Summon Step-Up Level {Param},,5
116002020,Thundermane Step-Up Level {Param},,1
116002021,Thundermane Step-Up Level {Param},,2
116002022,Thundermane Step-Up Level {Param},,3
116002023,Thundermane Step-Up Level {Param},,4
116002024,Thundermane Step-Up Level {Param},,5
116002040,Aburu Summon Step-Up Level {Param},,1
116002041,Aburu Summon Step-Up Level {Param},,2
116002042,Aburu Summon Step-Up Level {Param},,3
116002043,Aburu Summon Step-Up Level {Param},,4
116002044,Aburu Summon Step-Up Level {Param},,5
116002045,Winter Summon Step-Up Level {Param},,1
116002046,Winter Summon Step-Up Level {Param},,2
116002047,Winter Summon Step-Up Level {Param},,3
116002048,Winter Summon Step-Up Level {Param},,4
116002049,Winter Summon Step-Up Level {Param},,5
116002053,Monica's Special Summon Step-Up Level {Param},,1
116002054,Monica's Special Summon Step-Up Level {Param},,2
116002055,Monica's Special Summon Step-Up Level {Param},,3
116002056,Monica's Special Summon Step-Up Level {Param},,4
116002057,Monica's Special Summon Step-Up Level {Param},,5
116002068,Phantom Weapon Bonus Summon Step-Up Level {Param},,1
116002069,Phantom Weapon Bonus Summon Step-Up Level {Param},,2
116002070,Phantom Weapon Bonus Summon Step-Up Level {Param},,3
116002071,Phantom Weapon Bonus Summon Step-Up Level {Param},,4
116002072,Phantom Weapon Bonus Summon Step-Up Level {Param},,5
116002073,Phantom Weapon Bonus Summon Step-Up Level {Param},,6
116002074,Phantom Weapon Bonus Summon Step-Up Level {Param},,7
116002075,Phantom Weapon Bonus Summon Step-Up Level {Param},,8
116002076,Phantom Weapon Bonus Summon Step-Up Level {Param},,9
116002077,Phantom Weapon Bonus Summon Step-Up Level {Param},,10
116002078,Thorstein's Special Supply Step-Up Level {Param},,1
116002079,Thorstein's Special Supply Step-Up Level {Param},,2
116002080,Thorstein's Special Supply Step-Up Level {Param},,3
116002081,Thorstein's Special Supply Step-Up Level {Param},,4
116002082,Thorstein's Special Supply Step-Up Level {Param},,5
116002090,S2 Monica's Special Summon Step-Up Stage {Param},,1
116002091,S2 Monica's Special Summon Step-Up Stage {Param},,2
116002092,S2 Monica's Special Summon Step-Up Stage {Param},,3
116002093,S2 Monica's Special Summon Step-Up Stage {Param},,4
116002094,S2 Monica's Special Summon Step-Up Stage {Param},,5
116002095,Bonus Summon Step-Up Level {Param},,1
116002096,Bonus Summon Step-Up Level {Param},,2
116002097,Bonus Summon Step-Up Level {Param},,3
116002098,Bonus Summon Step-Up Level {Param},,4
116002099,Bonus Summon Step-Up Level {Param},,5
116002100,Bonus Summon Step-Up Level {Param},,6
116002101,Bonus Summon Step-Up Level {Param},,7
116002102,Bonus Summon Step-Up Level {Param},,8
116002103,Bonus Summon Step-Up Level {Param},,9
116002104,Bonus Summon Step-Up Level {Param},,10
116002105,S2 Thorstein's Special Supply Step-Up Level {Param},,1
116002106,S2 Thorstein's Special Supply Step-Up Level {Param},,2
116002107,S2 Thorstein's Special Supply Step-Up Level {Param},,3
116002108,S2 Thorstein's Special Supply Step-Up Level {Param},,4
116002109,S2 Thorstein's Special Supply Step-Up Level {Param},,5
116002110,Bonus Summon Step-Up Level {Param},,1
116002111,Bonus Summon Step-Up Level {Param},,2
116002112,Bonus Summon Step-Up Level {Param},,3
116002113,Bonus Summon Step-Up Level {Param},,4
116002114,Bonus Summon Step-Up Level {Param},,5
116002115,Bonus Summon Step-Up Level {Param},,6
116002116,Bonus Summon Step-Up Level {Param},,7
116002117,Bonus Summon Step-Up Level {Param},,8
116002118,Bonus Summon Step-Up Level {Param},,9
116002119,Bonus Summon Step-Up Level {Param},,10
110003001,Arbiter's Ordeal Token,,
110003002,[Weekly] Summon Support Pack,,
110003003,[Monthly] Summon Support Pack,,
110003004,[Monthly] Sacred Relic Summon Pack,,
110003011,[Weekly] Sacred Relic Summon Pack,,
110003005,[Monthly] Grace of the constellations Pack,,
110003010,[Weekly] Grace of the constellations Pack,,
110003006,Weekly Summon Costume Pack,,
110003007,Weekly Summon Phantom Weapon Pack,,
110003008,Monthly Summon Costume Light Pack,,
110003009,Monthly Summon Premium Pack,,
110101001,Arbiter's Ordeal Token,,
110101002,S2 [Weekly] Summon Support Pack,,
110101003,S2 [Monthly] Summon Support Pack,,
110101004,S2 [Weekly] Grace of the constellations Pack,,
110101005,S2 [Monthly] Grace of the constellations Pack,,
110101006,S2 [Monthly] Sacred Relic Summon Pack,,
110101007,Weekly Summon Coupon Choice Pack,,
110101008,Monthly Summon Light Pack,,
110101009,Monthly Summon Premium Pack,,
110201001,Arbiter's Ordeal Token,,
110201002,S3 [Weekly] Summon Support Pack,,
110201003,S3 [Monthly] Summon Support Pack,,
110201004,S3 [Weekly] Grace of the constellations Pack,,
110201005,S3 [Monthly] Grace of the constellations Pack,,
110201006,S3 [Monthly] Sacred Relic Summon Pack,,
110201007,Weekly Summon Coupon Choice Pack,,
110201008,Monthly Summon Light Pack,,
110201009,Monthly Summon Premium Pack,,
110301001,Arbiter's Ordeal Token,,
110301002,S4 [Weekly] Summon Support Pack,,
110301003,S4 [Monthly] Summon Support Pack,,
110301004,S4 [Weekly] Grace of the constellations Pack,,
110301005,S4 [Monthly] Grace of the constellations Pack,,
110301006,S4 [Monthly] Sacred Relic Summon Pack,,
110301007,Weekly Summon Coupon Choice Pack,,
110301008,Monthly Summon Light Pack,,
110301009,Monthly Summon Premium Pack,,
110401001,Arbiter's Ordeal Token,,
110401002,S5 [Weekly] Summon Support Pack,,
110401003,S5 [Monthly] Summon Support Pack,,
110401004,S5 [Weekly] Grace of the constellations Pack,,
110401005,S5 [Monthly] Grace of the constellations Pack,,
110401006,S5 [Monthly] Sacred Relic Summon Pack,,
110401007,Weekly Summon Coupon Choice Pack,,
110401008,Monthly Summon Light Pack,,
110401009,Monthly Summon Premium Pack,,
110501001,Arbiter's Ordeal Token,,
110501002,S6 [Weekly] Summon Support Pack,,
110501003,S6 [Monthly] Summon Support Pack,,
110501004,S6 [Weekly] Grace of the constellations Pack,,
110501005,S6 [Monthly] Grace of the constellations Pack,,
110501006,S6 [Monthly] Sacred Relic Summon Pack,,
110501007,Weekly Summon Coupon Choice Pack,,
110501008,Monthly Summon Light Pack,,
110501009,Monthly Summon Premium Pack,,
110601001,Arbiter's Ordeal Token,,
110601002,S7 [{Param}] Summon Support Pack,,Semanal
110601003,S7 [{Param}] Summon Support Pack,,Tentativas Mensais
110601004,S7 [{Param}] Keyring Support Pack,,Semanal
110601005,S7 [{Param}] Keyring Support Pack,,Tentativas Mensais
110601006,S7 [{Param}] Grace of the Constellations Pack,,Semanal
110601007,S7 [{Param}] Grace of the Constellations Pack,,Tentativas Mensais
110601008,S7 [{Param}] Relic Summon Pack,,Tentativas Mensais
110601009,Weekly Summon Coupon Choice Pack,,
110601010,Monthly Summon Light Pack,,
110601011,Monthly Summon Premium Pack,,
110601012,Monthly Keyring Premium Pack,,
110701001,S8 [Weekly] Summon Support Pack,,Tentativas Mensais
110701002,S8 [Monthly] Summon Support Pack,,
110701003,S8 [Weekly] Keyring Support Pack,,
110701004,S8 [Monthly] Keyring Support Pack,,
110701005,S8 [Weekly] Grace of the constellations Pack,,
110701006,S8 [Monthly] Grace of the constellations Pack,,
110701007,S8 [Monthly] Sacred Relic Summon Pack,,
110701008,Weekly Summon Coupon Choice Pack,,
110701009,Monthly Summon Premium Pack,,
110701010,Monthly Summon Light Pack,,
110701011,Monthly Keyring Premium Pack,,
110701012,Keyring Summon Coupon,,
110701013,Arbiter's Ordeal Token,,
110801001,Summon Coupon Lucky Package,,
110801002,Anima Lucky Package,,
110801003,Enhancement Stone Lucky Package,,
110801004,Enchantment Lucky Package,,
110801005,Hunter Research Lucky Package,,
110801006,Blacksmith Research Lucky Package,,
110801007,Dungeon Entry Package,,
110801008,Weekly Supply Chest,,
110802001,[Weekly] Summon Support Pack,,
110802002,[Monthly] Summon Support Pack,,
110802003,[Weekly] Keyring Support Pack,,
110802004,[Monthly] Keyring Support Pack,,
110802005,[Weekly] Grace of the constellations Pack,,
110802006,[Monthly] Grace of the constellations Pack,,
110802007,[Monthly] Sacred Relic Summon Pack,,
110802009,Weekly Summon Coupon Choice Pack,,
110802010,Monthly Summon Premium Pack,,
110802011,Monthly Summon Light Pack,,
110802012,Monthly Keyring Premium Pack,,
110802013,Arbiter's Ordeal Token,,
110902001,[Weekly] Summon Support Pack,,
110902002,[Monthly] Summon Support Pack,,
110902003,[Weekly] Keyring Support Pack,,
110902004,[Monthly] Keyring Support Pack,,
110902005,[Weekly] Grace of the constellations Pack,,
110902006,[Monthly] Grace of the constellations Pack,,
110902007,[Monthly] Sacred Relic Summon Pack,,
110902008,Weekly Summon Coupon Choice Pack,,
110902009,Monthly Summon Premium Pack,,
110902010,Monthly Summon Light Pack,,
110902011,Monthly Keyring Premium Pack,,
110902012,Keyring Summon Coupon x10,,
110902013,Arbiter's Ordeal Token,,
11011,Cumulative Page Test Data ,,
11012,Cumulative Page Test Data ,,
11013,Cumulative Page Test Data ,,
11014,Cumulative Page Test Data ,,
11015,Cumulative Page Test Data ,,
112001001,New Milestone Test Data 1,,
112001002,New Keyring Summon Milestone Coupon Test,,
112001003,Arbiter's Ordeal Token,,
112001004,New Milestone Test Data 2,,
112001005,New Milestone Test Data 3,,
112001006,New Milestone Test Data 4,,
112001007,New Keyring Summon Milestone Coupon Test 1,,
112001008,Arbiter’s Ordeal Token 1,,
112001009,New Milestone Test Data 5,,
112001010,New Milestone Test Data 6,,
112001011,New Milestone Test Data 7,,
112001012,New Keyring Summon Milestone Coupon Test 2,,
112001013,Arbiter’s Ordeal Token 2,,
112001014,New Milestone Test Data 8,,
112001015,New Milestone Test Data 9,,
110004001,Monica's Costume Support Set{Param},,I
110004002,Monica's Costume Support Set{Param},,II
110004003,Monica's Costume Support Set{Param},,III
110004004,Evrin's Stardust Set{Param},,I
110004005,Evrin's Stardust Set{Param},,II
110004006,Evrin's Stardust Set{Param},,III
110004007,Advancement Stage {Param} Celebration Pack,,1
110004008,Advancement Stage {Param} Celebration Pack,,2
110002001,Golden Path Wanderer Master Pack,,
110004009,100 Stardust,,
110004011,Ordeal Recharge Token Pack,,
110004012,Advancement Stage {Param} Celebration Pack,,3
110004013,Winter Night Herald Step-Up Level {Param},,1
110004014,Winter Night Herald Step-Up Level {Param},,2
110004015,Winter Night Herald Step-Up Level {Param},,3
110004016,Equipment Crafting Support Pack,,
110004017,Rainbow Steps Step-Up Level {Param},,1
110004018,Rainbow Steps Step-Up Level {Param},,2
110004019,Rainbow Steps Step-Up Level {Param},,3
110004020,Advancement Stage {Param} Celebration Pack,,4
110008001,Miracle of 100 Gold {Param},,I
110008002,Miracle of 100 Gold {Param},,II
110008003,Arman's Sacred Relic Ascension Pack{Param},,I
110008004,Arman's Sacred Relic Ascension Pack{Param},,II
110008005,Arman's Sacred Relic Ascension Pack{Param},,III
110008006,Arman's Sacred Relic Ascension Pack{Param},,IV
110008007,Arman's Sacred Relic Ascension Pack{Param},,V
110008008,Monolith War Prep Summon Supply Pack,,
110008009,Monolith War Prep Summon Booster Pack,,
110008016,1st Place Celebration Appreciation Pack{Param},,I
110008017,1st Place Celebration Appreciation Pack{Param},,II
110008018,1st Place Celebration Appreciation Pack{Param},,III
110008019,Adventurers' Alliance Supply Pack Level {Param},,1
110008020,Adventurers' Alliance Supply Pack Level {Param},,2
110008021,Arbiter's Ordeal Pack,,
110008022,Monica's Focused Summon Pack Level {Param},,1
110008023,Monica's Focused Summon Pack Level {Param},,2
110008025,Sturdy-Beard's Plentiful Summon Pack,,
110008026,Sturdy-Beard's Summon Support Pack,,
110008027,Sturdy-Beard's Grace of the constellations Card Pack,,
110008028,Sturdy-Beard's Blessing Upgrade Pack,,
110008029,Sturdy-Beard's Enhancement Stone Pack,,
110008030,Monolith Expansion Combat Prep Pack,,
110008031,Clan Upgrade Pack {Param},,I
110008032,Clan Upgrade Pack {Param},,II
110008033,Istarium Supply Pack,,
110008035,Winter Grace of the constellations All-in-One Pack,,
110008036,Winter Bountiful Summon Support Pack,,
110008037,Winter Summon Support Pack,,
110008038,Winter Summon Light Pack,,
110008039,Winter Enhancement All-in-One Pack,,
110008040,Halo Phantom Weapon Choice Chest,,
110008041,Winter Bountiful Summon Support Pack {Param},,II
110008042,New Year Appreciation Gift Ticket,,
110008043,New Year Summon Coupon Pack,,
110008044,New Year Appreciation Pack {Param},,I
110008045,New Year Appreciation Pack {Param} Level 1,,II
110008046,New Year Appreciation Pack {Param} Level 2,,II
110008047,New Year Appreciation Pack {Param} Level 3,,II
110008048,New Year Appreciation Pack {Param} Level 4,,II
110008049,New Year Appreciation Pack {Param} Level 5,,II
110008050,New Year Appreciation Pack {Param} Level 1,,III
110008051,New Year Appreciation Pack {Param} Level 2,,III
110008052,New Year Appreciation Pack {Param} Level 3,,III
110008053,New Year Appreciation Pack {Param} Level 4,,III
110008054,New Year Appreciation Pack {Param} Level 5,,III
110008055,2026 New Year Diamond Pack,,
110008056,[2026] Red Horse's Gift {Param},,I
110008057,[2026] Red Horse's Gift {Param},,II
110008058,[2026] Red Horse's Ordeal Support Gift,,
110008059,[2026] Red Horse's New Year Cheer Gift,,
110008060,Ordeal Token Recharge Ticket,,
110010020,Character Name Change Ticket,,
110010021,{RewardName},,
110010022,{RewardName},,
110008061,Server Transfer Constellation All-in-One Pack,,
110008062,Server Transfer Card Upgrade Pack,,
110008063,Monica's Bountiful Summon Support Pack,,
110008064,Monica's Summon Support Pack,,
110008065,Monica's Summon Lite Pack,,
110008066,Server Transfer Sacred Relic Step-Up{Param},,I
110008067,Server Transfer Sacred Relic Step-Up{Param},,II
110008068,Server Transfer Sacred Relic Step-Up{Param},,III
110008069,Server Transfer Sacred Relic Step-Up{Param},,IV
110008070,Server Transfer Sacred Relic Step-Up{Param},,V
110008071,Server Transfer Sacred Relic Step-Up{Param},,VI
110008072,Server Transfer Sacred Relic Step-Up{Param},,VII
110008073,Clan Upgrade Boosting Pack Ⅰ,,
110008074,Clan Upgrade Boosting Pack Ⅱ,,
110008075,Summon Step-Up Starter Pack,,
110008076,Summon Step-Up Boosting Pack Level {Param},,1
110008077,Summon Step-Up Boosting Pack Level {Param},,2
110008078,Summon Step-Up Boosting Pack Level {Param},,3
110008079,Summon Step-Up Boosting Pack Level {Param},,4
110008080,Summon Step-Up Premium Pack Level {Param},,1
110008081,Summon Step-Up Premium Pack Level {Param},,2
110008082,Resonance Starter Pack,,
110008083,Resonance Upgrade Support Pack,,
110008084,Advanced Resonance Pack,,
110008085,Clan Upgrade Boosting Pack Ⅲ,,
110008086,Spring New Semester Costume Pack,,
110008087,Sacred Relic Upgrade Step-Up I,,
110008088,Sacred Relic Upgrade Step-Up II,,
110008089,Sacred Relic Upgrade Step-Up III,,
110008090,Sacred Relic Upgrade Step-Up IV,,
110008091,Sacred Relic Upgrade Step-Up V,,
110008092,Constellation Upgrade Step-Up I,,
110008093,Constellation Upgrade Step-Up II,,
110008094,Constellation Upgrade Step-Up III,,
110008095,Constellation Upgrade Step-Up IV,,
110008096,Constellation Upgrade Step-Up V,,
110008097,Spring Upgrade Boosting Pack I,,
110008098,Spring Upgrade Boosting Pack II,,
110008099,Spring Upgrade Boosting Pack III,,
110008100,Spring Upgrade Power Boost Pack,,
110008101,Upgrade Boosting Roulette Ticket Set,,
110008107,{RewardName},,
110008108,{RewardName},,
110008109,Bountiful Summon Phantom Weapon Support Pack,,
110008110,Summon Phantom Weapon Support Pack,,
110008111,Summon Phantom Weapon Lite Pack,,
110008112,Resonance Upgrade Support Pack,,
110008113,Resonance Upgrade Drive Pack,,
110008114,Black Crystal Supply Pack,,
110008115,Thorstein's Lucky Hammer Pack I,,
110008116,Thorstein's Lucky Hammer Pack II,,
110008117,Thorstein's Lucky Hammer Pack III,,
110008118,Thorstein's Lucky Hammer Pack IV,,
110008119,Tuning Level Up Support Pack,,
110008120,Character Tuning Upgrade Starter Pack,,
110008121,Realm Tuning Upgrade Starter Pack,,
110008122,Constellation Upgrade Material Support Pack,,
110008123,Clan Upgrade Boosting Pack IV,,
110008124,Monica's Tuning Upgrade Step-Up I,,
110008125,Monica's Tuning Upgrade Step-Up II,,
110008126,Monica's Tuning Upgrade Step-Up III,,
110008127,Abyss Season 4 Commemorative Sacred Relic Pack,,
110008128,Abyss Season 4 Commemorative Ordeal Pack,,
110008129,Abyss Season 4 Commemorative Upgrade Pack,,
110008130,Giant's 4★ Grace of the constellations Step-Up I,,
110008131,Giant's 4★ Grace of the constellations Step-Up II,,
110008132,Giant's 4★ Grace of the constellations Step-Up III,,
110008133,Giant's 4★ Grace of the constellations Step-Up IV,,
110008134,Half Anniversary All-in-One Growth Pack,,
110008135,Half Anniversary Summon Support Light Pack,,
110008136,Half Anniversary Summon Support Pack,,
110008137,Half Anniversary Summon Collect Pack,,
110008138,Ample Half Anniversary Summon Pack,,
110008139,Abyssal Resonator x15,,
110008140,Giant's Tower Hot Time Recharge Ticket x3,,
110008141,"Memorite x10,000",,
110008142,Refined Material Selection Chest,,
110008145,Resonance Supply Boost Pack,,
110008146,Resonance Upgrade Boost Pack,,
110008147,Resonance Supply Light Pack,,
110008149,{RewardName},,
110008150,{RewardName},,
110008151,200D 1st 5-Star Constell Step-Up I,,
110008152,200D 1st 5-Star Constell Step-Up II,,
110008153,200D 1st 5-Star Constell Step-Up III,,
110008154,200D Constellation Light Pack,,
110008155,200D Constellation Flex Pack,,
110008156,200D Constellation Material Support Pack,,
110008157,Resonance Supply Boost Pack V2,,
110008158,New Resonance Upgrade Support Pack,,
110008159,Resonance Supply Light Pack V2,,
110008160,Abyss Season 5 Clan Upgrade Pack,,
110008161,New Costume Rich Summon Support Pack,,
110008162,New Costume Summon Support Pack,,
110008163,New Costume Summon Lite Pack,,
110008164,Advanced Tuning Boost Pack: Characters,,
110008165,Advanced Tuning Boost Pack: Realm,,
110008166,Monica's Tuning Growth Pack,,
110008167,Tuning Transcendence Pack,,
110008168,Titan’s Black Crystal Gift Pack,,
110008169,Monica's Boss Hunt Boost Pack,,
110008170,Monica's Costume Summon Lite Pack,,
110008171,Monica's Costume Summon Support Pack,,
110008172,Monica's Costume Summon Pack,,
110008173,Monica's Rich Costume Summon Pack,,
110008174,Monica's Costume Hoard Pack,,
110008175,{RewardName},,
110008176,{RewardName},,
110008177,Sacred Relic Boost Lite Pack,,
110008178,Sacred Relic Boost Pack,,
110008179,Rich Sacred Relic Boost Pack,,
110008180,Level Up Sacred Relic Step-Up I,,
110008181,Level Up Sacred Relic Step-Up II,,
110008182,Level Up Sacred Relic Step-Up III,,
110008183,Level Up Sacred Relic Step-Up IV,,
110008184,Level Up Sacred Relic Step-Up V,,
110008185,Combat Resonance Lite Pack,,
110008186,Total Resonance Boost Pack,,
110008187,Total Tuning Boost Pack,,
110008188,Golden Crystal Supply Pack,,
110008189,Premium Infusion-Core Pack,,
110008190,Premium Grace of the constellations Pack,,
110008191,Keyring Launch Starter Pack,,
110008192,Zariya's Special Keyring Summon Support,,
110008193,4★ Keyring Summon Ring Pack,,
110008194,Keyring Summon Step-Up {Param},,I
110008195,Keyring Summon Step-Up {Param},,II
110008196,Keyring Summon Step-Up {Param},,III
110008197,Keyring Summon Step-Up {Param},,IV
110008198,Keyring Summon Step-Up {Param},,V
110008199,Grace of the Constellations Challenge Step-Up {Param},,I
110008200,Grace of the Constellations Challenge Step-Up {Param},,II
110008201,Grace of the Constellations Challenge Step-Up {Param},,III
110008202,Grace of the Constellations Challenge Step-Up {Param},,IV
110008203,Grace of the Constellations Challenge Step-Up {Param},,V
110008204,Grace of the Constellations Challenge Pack,,
110008205,Grace of the Constellations Challenge Premium Pack,,
110008206,Sacred Relic Tribute Light Pack,,
110008207,Sacred Relic Tribute Upgrade Boost Pack,,
110008208,Rich Sacred Relic Tribute Upgrade Boost Pack,,
110008209,Arbiter's Ordeal Focused Upgrade Pack,,
110008210,Clan Upgrade Co-op Support Pack,,
110008211,Graceful Giant's Gift Pack,,
110008212,Summer Upgrade Boost Pack {Param},,I
110008213,Summer Upgrade Boost Pack {Param},,II
110008214,Summer Upgrade Boost Pack {Param},,III
110008215,Summer Upgrade Boost Pack {Param},,IV
110008216,Summer Roulette Ticket Set,,
110008217,{RewardName},,
110008218,{RewardName},,
110008219,Resonance Upgrade Support All-in-One Pack,,
110008220,Rich Resonance Upgrade Support All-in-One Pack,,
110008221,Abyss S7 Sacred Relic Upgrade Pack,,
110008222,Abyss S7 Victorious Pack,,
110008223,Guardian Star Upgrade Step-Up I,,
110008224,Guardian Star Upgrade Step-Up II,,
110008225,Guardian Star Upgrade Step-Up III,,
110008226,Guardian Star Upgrade Step-Up IV,,
110008227,Premium Constellation Fusion Upgrade Support Pack,,
110008228,Monica's Tuning Upgrade Final Pack,,
110008229,Keyring First Encounter Support Pack,,
110008230,Zariya's Keyring Summon Gift Pack,,
110008231,3★ Keyring Focused Growth Support Pack,,
110008232,4★ Keyring Bond Boost Pack,,
110008233,New Phantom Weapon Commemoration Summon Lite Pack,,
110008234,New Phantom Weapon Celebration Summon Support Pack,,
110008235,New Phantom Weapon Special Summon Pack,,
110008236,Echo of Resonance Master Pack,,
110008237,Thorstein's Premium Summon Step-Up {Param},,I
110008238,Thorstein's Premium Summon Step-Up {Param},,II
110008239,Thorstein's Premium Summon Step-Up {Param},,III
110008240,[Starter] 3★ Weapon Package,,
110008241,[Starter] 3★ Armor Package,,
110008242,[Starter] 3★ Accessory Package,,
110008243,[Starter] Sacred Relic Step-Up {Param},,1
110008244,[Starter] Sacred Relic Step-Up {Param},,2
110008245,[Starter] Sacred Relic Step-Up {Param},,3
110008246,Alabaster Ethereal Costume Pack,,
110008247,Rapid Upgrade Package,,
110008248,Constellation Boost Step-Up {Param},,I
110008249,Constellation Boost Step-Up {Param},,II
110008250,Constellation Boost Step-Up {Param},,III
110008251,Constellation Boost Step-Up {Param},,IV
110008252,Constellation Boost Step-Up {Param},,V
110008253,Constellation Boost Step-Up {Param},,VI
110008254,Constellation Boost Support Pack,,
110008255,Constellation Boost Premium Pack,,
110008256,Keyring Upgrade Aid Pack,,
110008257,Keyring Collection Aid Pack,,
110008258,Keyring Upgrade Aid Special Pack,,
110008259,4★ Keyring Aid Special Pack,,
110008260,Monica's Tuning Supply Aid Pack,,
110008261,{RewardName},,
110008262,Special Summon Coupon Pack,,
110008263,Launch Celebration Summon Pack,,
110008264,Successor’s Summon Pack {Param},,I
110008265,Successor’s Summon Pack {Param},,II
110008266,Successor’s Summon Pack {Param},,III
110008267,Constellation Boost Step-Up Stage {Param},,1
110008268,Constellation Boost Step-Up Stage {Param},,2
110008269,Constellation Boost Step-Up Stage {Param},,3
110008270,Constellation Boost Step-Up Stage {Param},,4
110008271,Constellation Boost Step-Up Stage {Param},,5
110008272,Sacred Relics Premium Step-Up Stage {Param},,1
110008273,Sacred Relics Premium Step-Up Stage {Param},,2
110008274,Sacred Relics Premium Step-Up Stage {Param},,3
110008275,Sacred Relics Premium Step-Up Stage {Param},,4
110008276,Sacred Relics Premium Step-Up Stage {Param},,5
110008277,Explorer's Pack,,
110008278,5★ Costume Challenge Step-Up Stage {Param},,1
110008279,5★ Costume Challenge Step-Up Stage {Param},,2
110008280,5★ Costume Challenge Step-Up Stage {Param},,3
110008281,5★ Costume Challenge Step-Up Stage {Param},,4
110008282,5★ Costume Challenge Step-Up Stage {Param},,5
110008283,5★ Costume Challenge Step-Up Stage {Param},,6
110008284,5★ Costume Challenge Step-Up Stage {Param},,7
110008285,Sacred Relic of Strife Step-Up I,,
110008286,Sacred Relic of Strife Step-Up II,,
110008287,Sacred Relic of Strife Step-Up III,,
110008288,Sacred Relic of Strife Step-Up IV,,
110008289,Sacred Relic of Strife Light Pack,,
110008290,Sacred Relic of Strife Special Pack,,
110008291,{RewardName},,
110008292,{RewardName},,
110008293,Monolith Expansion Summon Pack I,,
110008294,Monolith Expansion Summon Pack II,,
110008295,Keyring Starter Pack,,
110008296,Premium Keyring Summon Pack,,
110008297,4★ Keyring Summon Pack,,
110008298,Keyring Summon Step-Up I,,
110008299,Keyring Summon Step-Up II,,
110008300,Keyring Summon Step-Up III,,
110008301,Keyring Summon Step-Up IV,,
110008302,Keyring Summon Step-Up V,,
110008303,Monolith Expansion 4★ Pack,,
110008304,Resonance Upgrade Step-Up I,,
110008305,Resonance Upgrade Step-Up II,,
110008306,Resonance Upgrade Step-Up III,,
110008307,Resonance Upgrade Step-Up IV,,
110008308,Resonance Upgrade Step-Up V,,
110008309,Resonance Upgrade Special Pack,,
110008310,Evelyn’s Constellation Premium Pack,,
110008311,Resonance Starter Pack,,
110008312,Resonance Upgrade Support All-in-One Pack,,
110008313,Rich Resonance Upgrade Support All-in-One Pack,,
110008314,Keyring Special Supply Pack,,
110008315,Keyring Special Supply Step-Up I,,
110008316,Keyring Special Supply Step-Up II,,
110008317,Keyring Special Supply Step-Up III,,
110008318,Keyring Special Supply Step-Up IV,,
110008319,Keyring Special Supply Step-Up V,,
110008320,Keyring Special Supply Step-Up VI,,
110012001,{RewardName},,
110012002,Stiff-Hair's Combat Support Pack,,
110012003,Stiff-Hair's Ordeal Support Pack,,
110012004,Stiff-Hair's Summon Support Pack,,
110012006,Naruru's Transcendence Support Chest {Param},,I
110012007,Naruru's Transcendence Support Chest {Param},,II
110012008,Naruru's Transcendence Support Chest {Param},,I
110012009,Naruru's Transcendence Support Chest {Param},,II
110012010,God Ea's Comprehensive Gift,,
110012011,God Ea's Summon Pack,,
110012012,God Ea's Blessing Pack,,
110014001,Costume Upgrade Gift Pack,,
110014002,Upgrade Grace of the constellations Gift Pack,,
110014003,Summon Coupon Black Friday Pack,,
110014004,Equipment Enhancement Black Friday Pack,,
110014005,Black Friday Summon Pack,,
110014006,Black Friday Special Summon Pack,,
110014007,Black Friday Premium Summon Pack,,
110014008,Black Friday Sacred Relic Completion Pack{Param},,I
110014009,Black Friday Sacred Relic Completion Pack{Param},,II
110014010,Black Friday Sacred Relic Completion Pack{Param},,III
110014011,Black Friday Sacred Relic Completion Pack{Param},,IV
110015001,Christmas Wish Matchstick,,
110015002,Happy Christmas Summon Pack,,
110015003,Christmas Summon Gift Pack{Param},,I
110015004,Christmas Summon Gift Pack{Param},,II
110015005,Christmas Ordeal Token Pack,,
110015006,Christmas Constellation Ascension Pack,,
110016001,[100-Day Anniversary] Daily Appreciation Bundle,,
110016002,[100-Day Anniversary] Summon Gift Box,,
110016003,[100-Day Anniversary] Costume Summon Coupon,,
110016004,[100-Day Anniversary] Phantom Weapon Summon Coupon,,
110016005,100-Day Appreciation 4-Star Confirmed Summon Pack,,
110016006,100-Day Appreciation Constellation Step-Up {Param}Level,,1
110016007,100-Day Appreciation Constellation Step-Up {Param}Level,,2
110016008,100-Day Appreciation Constellation Step-Up {Param}Level,,3
110016009,100-Day Appreciation Constellation Step-Up {Param}Level,,4
110017001,2026 Lunar New Year Greeting Box,,
110017002,2026 Lunar New Year Comprehensive Gift I,,
110017003,2026 Lunar New Year Comprehensive Gift II,,
110017004,2026 Lunar New Year Comprehensive Gift III,,
110017005,4-Star Grace of the constellations Support Pack,,
110018001,Class Change Coin,,
110018002,Class Change Ticket,,
110018003,Class Change Step-Up Level 1,,
110018004,Class Change Step-Up Level 2,,
110018005,Class Change Step-Up Level 3,,
110018006,Class Change Step-Up Level 4,,
110018007,Class Change Step-Up Level 5,,
110018008,Class Change Pack,,
110018009,Class Change Coin,,
110018010,Class Change Ticket,,
110018011,S2 Class Change Step-Up I,,
110018012,S2 Class Change Step-Up II,,
110018013,S2 Class Change Step-Up III,,
110018014,S2 Class Change Step-Up IV,,
110018015,S2 Class Change Step-Up V,,
110018016,S2 Class Change Pack,,
110018017,Class Change Coin,,
110018018,Class Change Ticket,,
110018019,S3 Class Change Step-Up I,,
110018020,S3 Class Change Step-Up II,,
110018021,S3 Class Change Step-Up III,,
110018022,S3 Class Change Step-Up IV,,
110018023,S3 Class Change Step-Up V,,
110018024,S3 Class Change Pack,,
110018025,Class Change Coin,,
110018026,Class Change Ticket,,
110018027,S4 Class Change Step-Up {Param},,1
110018028,S4 Class Change Step-Up {Param},,2
110018029,S4 Class Change Step-Up {Param},,3
110018030,S4 Class Change Step-Up {Param},,4
110018031,S4 Class Change Step-Up {Param},,5
110018032,S4 Class Change Pack,,
110018033,Class Change Coin,,
110018034,Class Change Ticket,,
110018035,Class Change Step-Up {Param},,1
110018036,Class Change Step-Up {Param},,2
110018037,Class Change Step-Up {Param},,3
110018038,Class Change Step-Up {Param},,4
110018039,Class Change Step-Up {Param},,5
110018040,Class Change Pack,,
110019001,4★ All-In-One Upgrade Boosting Pack,,
110019002,Start of the Journey Equipment Pack,,
110019003,Constellation Upgrade Enhancement Pack,,
110019004,Adventurer Summon Support Pack,,
110019005,Hunting Boosting Support Pack,,
110019006,Anima Upgrade Enhancement Pack,,
110019007,Thorstein's Equipment Enhancement Pack,,
110019008,Thorstein's Infusion Luck Pack,,
110020001,{RewardName},,
110020002,{RewardName},,
110020003,{RewardName},,
110020004,{RewardName},,
110020005,{RewardName},,
110021001,AoT Constellation Growth Step-Up I,,
110021002,AoT Constellation Growth Step-Up II,,
110021003,AoT Constellation Growth Step-Up III,,
110021004,AoT Constellation Growth Step-Up IV,,
110021005,AoT Constellation Growth Step-Up V,,
110021006,AoT Summon Growth Pack,,
110021007,AoT Resonance Growth Pack,,
110021008,Titan Resonance Growth Pack,,
110021009,AoT Scout Costume Pack,,
110021010,Eren's Titan Mount Step-Up I,,
110021011,Eren's Titan Mount Step-Up II,,
110021012,AoT Vending Machine Lucky Pack,,
110021013,AoT Vending Machine Lite Pack,,
110021014,AoT Vending Machine Support Pack,,
110022001,Tier 8-10 Sacred Relic Chest,,
110022002,Tier 9-10 Sacred Relic Chest,,
110022003,Tier 10 Sacred Relic Selection Chest,,
110022004,Tier 11 Sacred Relic Selection Chest,,
110023001,Title: 300-Day Adventurer,,
110023002,Anima's 300-Day Anniversary Chest,,
110023003,Constellation's Radiant Enchant Powder,,
110023004,300-Day Gratitude Summon Pack,,
110023005,Successor's 300-Day Gift,,
110023006,Titan's 300-Day Gift,,
110023007,Naruru's Mystical Gear Pouch,,
110024001,Abundant Harvest Festival Gift,,
110024002,2026 Harvest Festival Assorted Gift I,,
110024003,2026 Harvest Festival Assorted Gift II,,
110024004,2026 Harvest Festival Assorted Gift III,,
110024005,2026 Harvest Festival Special Pack,,
110034001,Adventurer’s Combat Supply Pack,,
110034002,Tesseract Supply Support Pack,,
110034003,Anima Lucky Chest Pack,,
110034004,Equipment Crafting Support Pack,,
110034005,Resonance Support Pack,,
112002001,Daily Summon Coupon Pack,,
112002002,Daily Anima Pack,,
112002003,Daily Craft Pack,,
112002004,Daily Resonance Pack,,
112002005,Daily Combat Supply Pack,,
112002006,Weekly OOPArts Investigation Pack,,
112002007,Daily OOPArts Investigation Pack,,
112002008,Daily Constellation Pack,,
116001001,[5-Day Completion] Floral Rappie Pack,,
116001003,[5-Day Completion] Summon Attendance Pack,,
116001004,Aburu Festival Countdown Pack,,
116001005,[Daily 5-Day] Summon Completion Pack,,
116001006,Black Friday Attendance Pack,,
116001007,Halo Festival Countdown Attendance Pack,,
116001008,Happy New Year Summon Attendance Pack,,
116001009,Red Horse Attendance Support Pack,,
116001010,Abyss Battlefield Countdown Attendance Pack,,
116001011,100-Day Appreciation Summon Attendance Pack,,
116001012,Contest Countdown Attendance Pack,,
116001013,2026 Lunar New Year Attendance Pack,,
116001014,Upgrade Boosting Roulette Ticket Attendance Pack,,
116001015,4th Advancement Commemorative Summon Attendance Pack,,
116001016,Abyss Season 4 Commemorative Attendance Pack,,
116001017,Rift Season 2 Check-in Pack,,
116001018,New Costume Attendance Pack,,
116001019,Cool Summer {Param},,Pacote de Check-in
116001020,Summer Upgrade Boost Ticket {Param},,Pacote de Check-in
116001021,Abyss Season 8 Celebration Check-in Pack,,
116001022,[Global Launch] 4★ Challenge Check-in Board,,
116001023,Keyring Upgrade Aid Check-in Pack,,
116001024,[5-Day Completion] Floral Rappie Pack,,
116001026,[7-Day Completion] Summon Check-In Pack,,
116001027,Sacred Relic of Strife Check-In Pack,,
116001028,Keyring Upgrade Check-in Pack,,
116001029,Resonance Growth 7-Day Check-in Pack,,
116003001,[Realm 1 Ascension] Summon All-in-One Pack,,
116003002,[Realm 2 Ascension] 4-Star Mount Black King Pack,,
116003003,[Realm 3 Ascension] Constellation Master Pack,,
116003004,[Realm 4 Ascension] Summon Master Pack,,
116003005,[Realm 1 Clear] New Summon All-in-One Pack,,
116003006,[Realm 3 Clear] New Constellation Master Pack,,
116003007,[Realm 4 Clear] New Summon Master Pack,,
116003008,[Realm 5 Clear] New Keyring Collector's Pack,,
116004001,[Lv. {Param} Achieved] Summon All-in-One Pack,,30
116004002,[Lv. {Param} Achieved] Summon All-in-One Pack,,40
116004003,[Lv. {Param} Achieved] Summon All-in-One Pack,,45
116004004,[Lv. {Param} Achieved] Summon All-in-One Pack,,50
116004005,[Lv. {Param} Achieved: ] New Summon All-in-One Pack,,30
116004006,[Lv. {Param} Achieved: ] New Summon All-in-One Pack,,40
116004007,[Lv. {Param} Achieved: ] New Summon All-in-One Pack,,45
116004008,[Lv. {Param} Achieved: ] New Summon All-in-One Pack,,50
116005001,Summon Pass,Este item é limitado a 1 compra.,
116005002,[5-Star Guaranteed] Summon Pass,Um produto que permite obter repetidamente fantasias/armas fantasmas 5 estrelas.,
119005001,Premium 3-Line Pass,Este item é limitado a 1 compra.,
119005002,Deluxe 3-Line Pass,Este item é limitado a 1 compra.,
116007001,Resonance Upgrade Boost Pack,,
110006001,{Param} Relics of Subjugation,,1
110006002,{Param} Relics of Loyalty,,1
110006003,{Param} Relics of Subjugation,,11
110006004,{Param} Relics of Loyalty,,11
110006005,Sacred Relic of Strife x{Param},,1
110006006,Sacred Relic of Strife x{Param},,11
110007001,{Param} Diamonds,,109
110007002,{Param} Diamonds,,320
110007003,{Param} Diamonds,,720
110007004,{Param} Diamonds,,1600
110007005,{Param} Diamonds,,4000
110007006,{Param} Diamonds,,7200
110007007,Half Anniversary {Param} Diamond,,109
110007008,Half Anniversary {Param} Diamond,,320
110007009,Half Anniversary {Param} Diamond,,720
110007010,Half Anniversary {Param} Diamond,,1600
110007011,Half Anniversary {Param} Diamond,,4000
110007012,Half Anniversary {Param} Diamond,,7200
110007013,300-Day Anniversary {Param} Diamond,,109
110007014,300-Day Anniversary {Param} Diamond,,320
110007015,300-Day Anniversary {Param} Diamond,,720
110007016,300-Day Anniversary {Param} Diamond,,1600
110007017,300-Day Anniversary {Param} Diamond,,4000
110007018,300-Day Anniversary {Param} Diamond,,7200
110007500,Web Shop Diamonds: NT {Param},,495
110007501,Web Shop Diamonds: NT {Param},,990
110007502,Web Shop Diamonds: NT {Param},,1650
110007503,Web Shop Diamonds: NT {Param},,3300
110007504,Web Shop Diamonds: NT {Param},,6600
110007505,Web Shop Diamonds: NT {Param},,9900
110007506,Web Shop Diamonds: NT {Param},,16500
110007507,Web Shop Diamonds: NT {Param},,33000
110010001,{RewardName},,
110010010,Launch Celebration! Ragar's Sealed Box Pack,,
110010011,Launch Celebration! Athrahasis's Heritage Box Pack,,
110010012,{RewardName},,
110010013,Costume Permanent Ticket,,
110010014,Costume Permanent Ticket,,
110010015,Phantom Weapon Permanent Ticket,,
110010016,Phantom Weapon Permanent Ticket,,
110010017,Phantom Weapon Permanent Ticket,,
110010018,Phantom Weapon Permanent Ticket,,
110010019,Phantom Weapon Permanent Ticket,,
110010023,Costume Permanent Ticket,,
110010024,Costume Permanent Ticket,,
1100050001,Successor's Privilege,,
1100050002,Giant's Blessing,,
118001001,{RewardName},,
118001002,{RewardName},,
118001003,{RewardName},,
118001004,{RewardName},,
118001005,{RewardName},,
118001006,{RewardName},,
118001007,{RewardName},,
118001008,{RewardName},,
118001009,{RewardName},,
118001010,{RewardName},,
118001011,{RewardName},,
118001012,{RewardName},,
118001013,{RewardName} x10,,
118001014,{RewardName},,
118001015,[50%] Abyss Battlefield Time Recharge Stone,,
118001016,{RewardName},,
118001017,{RewardName},,
118001018,{RewardName},,
118001019,{RewardName} x100,,
118001020,{RewardName},,
118001021,{RewardName},,
118001022,{RewardName},,
118001023,{RewardName},,
118001024,{RewardName},,
118001025,{RewardName},,
118001026,{RewardName},,
100000001,Architect Pass,,
100000002,Aburu's Bounty Festival Pass,,
100000003,Season Pass,,
100000004,Halo Pass,,
100000005,Season Pass,,
100000006,Season Pass,,
100000007,Season Pass,,
100000008,Attack Pass,,
100000009,Season Pass,,
100000010,Season Pass,,
100000011,Season Pass,,
100000012,Season Pass,,
100000013,Aburu's Bounty Festival Pass II,,
117001001,Muina's Surprise Summon Pack,Este item é limitado a 1 compra.,
117002001,Muina's Summon Ticket Bountiful Pack,Este item é limitado a 1 compra.,
117003001,Hero Costume Upgrade Pack,Este item é limitado a 1 compra.,
117004001,Hero Phantom Weapon Upgrade Pack,Este item é limitado a 1 compra.,
117005001,Legendary Costume Upgrade Pack,Este item é limitado a 1 compra.,
117006001,Legendary Phantom Weapon Upgrade Pack,Este item é limitado a 1 compra.,
117007001,Legendary Grace of the constellations Upgrade Pack,Este item é limitado a 1 compra.,
117008001,Muina's Infuse Pack,Este item é limitado a 1 compra.,
117010001,Costume Upgrade Support Pack,Este item é limitado a 1 compra.,
117011001,Muina's Costume Upgrade Pack,Este item é limitado a 1 compra.,
117012001,Muina's Costume Summon Special Pack,Este item é limitado a 1 compra.,
117013001,Ordeal Token Recharge Ticket Pack,Este item é limitado a 1 compra.,
117014001,Costume Summon Limited Pack,Este item é limitado a 1 compra.,
117015001,Costume Summon Limited Pack {Param},Este item é limitado a 1 compra.,II
117016001,Costume Summon Limited Pack {Param},Este item é limitado a 1 compra.,III
117017001,Phantom Weapon Summon Limited Pack,Este item é limitado a 1 compra.,
117018001,Phantom Weapon Summon Limited Pack {Param},Este item é limitado a 1 compra.,II
117019001,Phantom Weapon Summon Limited Pack {Param},Este item é limitado a 1 compra.,III
117020001,Sacred Relic Tier 6 Leap Pack,Este item é limitado a 1 compra.,
117021001,Resonance Limited Upgrade Pack,Este item é limitado a 1 compra.,
117022001,Monica's Limited Appraisal Costume Pack I,Este item é limitado a 1 compra.,
117023001,Monica's Limited Appraisal Costume Pack II,Este item é limitado a 1 compra.,
117024001,Monica's Limited Appraisal Costume Pack III,Este item é limitado a 1 compra.,
117025001,Monica's Limited Appraisal Costume Pack IV,Este item é limitado a 1 compra.,
117026001,Monica's Limited Appraisal Costume Pack V,Este item é limitado a 1 compra.,
117027001,Summon Aid Pack I,Este item é limitado a 1 compra.,
117028001,Summon Aid Pack II,Este item é limitado a 1 compra.,
117029001,Summon Aid Pack III,Este item é limitado a 1 compra.,
117030001,Summon Aid Pack IV,Este item é limitado a 1 compra.,
117031001,Summon Aid Pack V,Este item é limitado a 1 compra.,
117032001,Amber Korimako Ascension Celebration Pack,Este item é limitado a 1 compra.,
117033001,Spodumene Makomako Ascension Celebration Pack,Este item é limitado a 1 compra.,
117034001,Fun Meow Ascension Celebration Pack,Este item é limitado a 1 compra.,
117035001,Jelly Meow Ascension Celebration Pack,Este item é limitado a 1 compra.,
117036001,Boom Meow Ascension Celebration Pack,Este item é limitado a 1 compra.,
117037001,Cargo Willy Ascension Celebration Pack,Este item é limitado a 1 compra.,
117038001,Errand-Runner Fifin Ascension Celebration Pack,Este item é limitado a 1 compra.,
117039001,Junior Sir Quack Ascension Celebration Pack,Este item é limitado a 1 compra.,
117040001,Squire Sir Quack Ascension Celebration Pack,Este item é limitado a 1 compra.,
117041001,Sunset Sky-Yumyum Ascension Celebration Pack,Este item é limitado a 1 compra.,
117042001,Moonwood Sky-Yumyum Ascension Celebration Pack,Este item é limitado a 1 compra.,
117043001,Autumnhorn Flutter Ascension Celebration Pack,Este item é limitado a 1 compra.,
117044001,Gilded Makomako Summon Celebration Pack,Este item é limitado a 1 compra.,
117045001,Stroller Meow Summon Celebration Pack,Este item é limitado a 1 compra.,
117046001,Fondant Willy Summon Celebration Pack,Este item é limitado a 1 compra.,
117047001,Benevolent Fifin Summon Celebration Pack,Este item é limitado a 1 compra.,
117048001,Sir Quack Summon Celebration Pack,Este item é limitado a 1 compra.,
117049001,Blossom Sky-Yumyum Summon Celebration Pack,Este item é limitado a 1 compra.,
117050001,Springtime Flutter Summon Celebration Pack,Este item é limitado a 1 compra.,
100200001,{RewardName},,
100200002,{RewardName},,
100200003,{RewardName},,
100200004,{RewardName},,
100200005,{RewardName},,
100200006,{RewardName},,
100200017,{RewardName},,
100200007,{RewardName},,
100200008,{RewardName},,
100200009,{RewardName},,
100200010,{RewardName},,
100200011,{RewardName},,
100200012,{RewardName},,
100200013,{RewardName},,
100200014,{RewardName},,
100200015,{RewardName},,
100200016,{RewardName},,
20010451,Minor HP Potion,,
100501002,{RewardName},,
100501003,{RewardName},,
100501004,{RewardName},,
100501005,{RewardName},,
100501006,{RewardName},,
100501007,{RewardName},,
100501008,{RewardName},,
100501009,{RewardName},,
100501010,{RewardName},,
100502001,{RewardName},,
100502002,{RewardName},,
100502003,{RewardName},,
100502004,{RewardName},,
100502005,{RewardName},,
100502006,{RewardName},,
100502007,{RewardName},,
100502008,{RewardName},,
100502009,{RewardName},,
100502010,{RewardName},,
100502011,{RewardName},,
100502012,{RewardName},,
100502013,{RewardName},,
100503001,{RewardName},,
100503002,{RewardName},,
100503003,{RewardName},,
100503004,{RewardName},,
100503005,{RewardName},,
100503006,{RewardName},,
100504001,{RewardName},,
100504002,{RewardName},,
100504003,{RewardName},,
100504004,{RewardName},,
100504005,{RewardName},,
100504006,{RewardName},,
100504007,{RewardName},,
100504008,{RewardName},,
100504009,{RewardName},,
100504010,{RewardName},,
100504011,{RewardName},,
100505001,{RewardName},,
100505002,{RewardName},,
100505003,{RewardName},,
100505004,{RewardName},,
100505005,{RewardName},,
100505006,{RewardName},,
100505007,{RewardName},,
100505008,{RewardName},,
100506001,{RewardName},,
100506002,{RewardName},,
100506003,{RewardName},,
100506004,{RewardName},,
100506005,{RewardName},,
100506006,{RewardName},,
100506007,{RewardName},,
100506008,{RewardName},,
100506009,{RewardName},,
100506010,{RewardName},,
100506011,{RewardName},,
100506012,{RewardName},,
100507001,{RewardName},,
100507002,{RewardName},,
100507003,{RewardName},,
100507004,{RewardName},,
100507016,{RewardName},,
100507017,{RewardName},,
100507018,{RewardName},,
100507019,{RewardName},,
100507020,{RewardName},,
300100001,Costume Summon {Param} Times,,1
300100002,Costume Summon {Param} Times,,11
300101011,Pick-Up Costume Summon {Param} Times,,1
300101012,Pick-Up Costume Summon {Param} Times,,11
300200001,Phantom Weapon Summon {Param} Times,,1
300200002,Phantom Weapon Summon {Param} Times,,11
300300001,Keyring Summon: {Param} times,,1
300300002,Keyring Summon: {Param} times,,11
500000001,{RewardName},,
500000002,{RewardName},,
500000003,{RewardName},,
500000004,{RewardName},,
500000005,{RewardName},,
500000006,{RewardName},,
500000007,{RewardName},,
500000008,{RewardName},,
500000009,{RewardName},,
500000010,{RewardName},,
500000011,{RewardName},,
500000012,{RewardName},,
500000013,{RewardName},,
500000014,{RewardName},,
500000015,{RewardName},,
500000016,{RewardName},,
500000017,{RewardName},,
500000018,{RewardName},,
500000019,{RewardName},,
500000020,{RewardName},,
500000021,{RewardName},,
500000022,{RewardName},,
500000023,{RewardName},,
500000025,{RewardName},,
500000026,{RewardName},,
500000027,{RewardName},,
500000028,{RewardName},,
510000001,{RewardName},,
510000002,{RewardName},,
510000003,{RewardName},,
510000004,{RewardName},,
510000005,{RewardName},,
510000006,{RewardName},,
510000007,{RewardName},,
510000008,{RewardName},,
510000009,{RewardName},,
510000010,{RewardName},,
510000011,{RewardName},,
510000012,{RewardName},,
510000013,{RewardName},,
600000001,{RewardName},,
600000002,{RewardName},,
600000003,{RewardName},,
600000004,{RewardName},,
600000005,{RewardName},,
600000006,{RewardName},,
600000007,{RewardName},,
600000008,{RewardName},,
600000009,{RewardName},,
600000010,{RewardName},,
600000011,{RewardName},,
600000012,{RewardName},,
600000013,{RewardName},,
600000014,{RewardName},,
600000015,{RewardName},,
600000016,{RewardName},,
600000017,{RewardName},,
700000001,Etherium Ore x{Param},,50
700000002,{RewardName},,
700000003,{RewardName},,
700000004,{RewardName},,
700000005,{RewardName},,
700000006,{RewardName},,
700000007,{RewardName},,
700000008,{RewardName},,
700000009,{RewardName},,
700000010,{RewardName},,
700000011,{RewardName},,
700000012,{RewardName},,
700000013,{RewardName},,
700000014,{RewardName},,
700000015,{RewardName},,
700000016,{RewardName},,
700000017,{RewardName},,
700000018,{RewardName},,
700000019,Etherium Ore x{Param},,30
700000020,{RewardName},,
700000021,{RewardName},,
700000022,{RewardName},,
700000023,{RewardName},,
700000024,{RewardName},,
700000025,{RewardName},,
700000026,{RewardName},,
700000027,{RewardName},,
700000028,{RewardName},,
800000001,{RewardName},,
800000002,{RewardName},,
800000003,{RewardName},,
800000004,{RewardName},,
800000005,{RewardName},,
800000006,{RewardName},,
800000007,{RewardName},,
800000008,{RewardName},,
800000009,{RewardName},,
800000010,{RewardName},,
800000011,{RewardName},,
800000012,{RewardName},,
800000013,{RewardName},,
800000014,{RewardName},,
800000015,{RewardName},,
800000016,{RewardName},,
800000017,{RewardName},,
800000018,{RewardName},,
800000019,{RewardName},,
800000020,{RewardName},,
800000021,{RewardName},,
800000022,{RewardName},,
800000023,{RewardName},,
800000024,{RewardName},,
800000025,{RewardName},,
800000026,{RewardName},,
800000027,{RewardName},,
800000028,{RewardName},,
800000029,{RewardName},,
800000030,{RewardName},,
800000031,{RewardName},,
800000032,{RewardName},,
800000033,{RewardName},,
800000034,{RewardName},,
800000035,{RewardName},,
800000036,{RewardName},,
800000037,{RewardName},,
800000038,{RewardName},,
800000039,{RewardName},,
800000040,{RewardName},,
800000041,{RewardName},,
800000042,{RewardName},,
800000043,{RewardName},,
800000044,{RewardName},,
800000045,{RewardName},,
800000046,{RewardName},,
800000047,{RewardName},,
800000048,{RewardName},,
800000049,{RewardName},,
800000050,{RewardName},,
800000051,{RewardName},,
800000052,{RewardName},,
800000053,{RewardName},,
800000054,{RewardName},,
800000055,{RewardName},,
800000056,{RewardName},,
800000057,{RewardName},,
800000058,{RewardName},,
800000059,{RewardName},,
800000060,{RewardName},,
800000061,{RewardName},,
800000062,{RewardName},,
800000063,{RewardName},,
800000064,{RewardName},,
800000065,{RewardName},,
800000066,{RewardName},,
800000067,{RewardName},,
800000068,{RewardName},,
800000069,{RewardName},,
800000070,{RewardName},,
800000071,{RewardName},,
800000072,{RewardName},,
800000073,{RewardName},,
800000074,{RewardName},,
800000075,{RewardName},,
800000076,{RewardName},,
800000077,{RewardName},,
800000078,{RewardName},,
800000079,{RewardName},,
800000080,{RewardName},,
900000001,{RewardName},,
900000002,{RewardName},,
900000003,Istarium x{Param},,2000
900000004,{RewardName},,
900000017,Stardust x{Param},,10000
900000016,{RewardName},,
900000005,{RewardName},,
900000006,{RewardName},,
900000007,{RewardName},,
900000008,{RewardName},,
900000009,{RewardName},,
900000010,{RewardName},,
900000011,{RewardName},,
900000012,{RewardName},,
900000013,{RewardName},,
900000014,{RewardName},,
900000015,{RewardName},,
900000018,{RewardName},,
900000019,{RewardName},,
910000020,{RewardName},,
910000021,{RewardName},,
910000022,{RewardName},,
910000023,{RewardName},,
910000001,{RewardName},,
910000002,{RewardName},,
910000003,{RewardName},,
910000005,{RewardName},,
910000008,Istarium x{Param},,5000
910000009,{RewardName},,
910000010,{Param} Enhancement Stone Select Chest(s),,10
920000001,{RewardName},,
920000002,{RewardName},,
920000003,{RewardName},,
920000004,{RewardName},,
920000005,{RewardName},,
920000006,{RewardName},,
930000001,{RewardName},,
930000002,{RewardName},,
930000003,{RewardName},,
930000004,Stardust x{Param},,1000
930000005,Stardust x{Param},,30000
930000006,{RewardName},,
930000007,{RewardName},,
930000008,{RewardName},,
930000009,{RewardName},,
930000010,Source of Magic x{Param},,10
930000011,Source of Magic x{Param},,30
930000012,{RewardName} x{Param},,5
930000013,Source of Magic x{Param},,10
930000014,{RewardName},,
930000015,{RewardName},,
10010101,{RewardName},,
10010102,{RewardName},,
10010103,{RewardName},,
10010104,{RewardName},,
10010105,{RewardName},,
10010106,{RewardName},,
10010107,{RewardName},,
10010108,{RewardName},,
10010201,{RewardName},,
10010202,{RewardName},,
10010203,{RewardName},,
10010204,{RewardName},,
10010205,{RewardName},,
10010206,{RewardName},,
10010207,{RewardName},,
10010208,{RewardName},,
10010301,{RewardName},,
10010302,{RewardName},,
10010303,{RewardName},,
10010304,{RewardName},,
10010305,{RewardName},,
10010306,{RewardName},,
10010307,{RewardName},,
11001301,{RewardName},,
11001302,{RewardName},,
11001303,{RewardName},,
11001304,{RewardName},,
11001305,{RewardName},,
11001306,{RewardName},,
11001307,{RewardName},,
11001308,{RewardName},,
11001309,{RewardName},,
11001310,{RewardName},,
11001311,{RewardName},,
11001312,{RewardName},,
11001313,"100,000 Gold",,
11001314,"10,000 Gold",,
20000001,{RewardName},,
20000002,{RewardName},,
20000003,{RewardName},,
20000004,{RewardName},,
20000005,30 Faint Magic-Imbued Clockwork Springs,,
20000006,"Stardust x10,000",,
10010401,{RewardName},,
10010402,{RewardName},,
10010403,{RewardName},,
10010404,{RewardName},,
10010405,{RewardName},,
10010406,{RewardName},,
10010407,{RewardName},,
10010408,{RewardName},,
10010501,{RewardName},,
10010502,{RewardName},,
10010503,{RewardName},,
10010504,{RewardName},,
10010505,{RewardName},,
10010506,{RewardName},,
10010507,{RewardName},,
10010508,{RewardName},,
10010601,{RewardName},,
10010602,{RewardName},,
10010603,{RewardName},,
10010604,{RewardName},,
10010605,{RewardName},,
10010606,{RewardName},,
10010607,{RewardName},,
10010608,{RewardName},,
10010700,{RewardName},,
10010701,{RewardName},,
10010702,{RewardName},,
10010703,{RewardName},,
10010704,{RewardName},,
10010705,{RewardName},,
10010706,{RewardName},,
10010707,{RewardName},,
10010800,{RewardName},,
10010801,{RewardName},,
10010802,{RewardName},,
10010803,{RewardName},,
10010804,{RewardName},,
10010805,{RewardName},,
10010806,{RewardName},,
10010807,{RewardName},,
10010900,{RewardName},,
10010901,{RewardName},,
10010902,{RewardName},,
10010903,{RewardName},,
10010904,{RewardName},,
10010905,{RewardName},,
10010906,{RewardName},,
10010907,{RewardName},,
10011000,{RewardName},,
10011001,{RewardName},,
10011002,{RewardName},,
10011003,{RewardName},,
10011004,{RewardName},,
10011005,{RewardName},,
10011006,{RewardName},,
10011007,{RewardName},,
10011100,{RewardName},,
10011101,{RewardName},,
10011102,{RewardName},,
10011103,{RewardName},,
10011104,{RewardName},,
10011105,{RewardName},,
10011106,{RewardName},,
10011107,{RewardName},,
10011200,{RewardName},,
10011201,{RewardName},,
10011202,{RewardName},,
10011203,{RewardName},,
10011204,{RewardName},,
10011205,{RewardName},,
10011206,{RewardName},,
10011207,{RewardName},,
10011300,{RewardName},,
10011301,{RewardName},,
10011302,{RewardName},,
10011303,{RewardName},,
10011304,{RewardName},,
10011305,{RewardName},,
10011306,{RewardName},,
10011307,{RewardName},,
