Id,Name,Desc
101,Rappie,
106,Plain Rappie,
107,Adorable Rappie,
108,Bbyubbyubbyubbi,
116,Sandstorm Rappie,
117,Blizzard Rappie,
118,Fragrant Rappie,
136,Wandering Rappie,
139,Moonlight Traveler,
140,Twilight Drifter,
141,Golden Path Wanderer,
142,Unknown Pilgrim,
143,Earthquake Hoof,
144,Black Monarch,
146,Golden Fish,
147,Winter Night Herald,
148,Rainbow Step,
149,Boss Trainee,
150,Lingering Dimensional Binder,
153,Crescent Night Wanderer,
145,Thunder Mane,
152,Ellen’s Giant,
1101,Gliding Gear,
1102,Wind Feather,
1103,Advanced Gliding Gear,
1104,Cloud Feather,
1105,Adventurer's Wings,
1106,Wings of Succession,
1201,Wings of Exploration,
1202,Wings of Freedom,
1203,Wings of Courage,
1204,Mystic Wings,
1205,Challenger's Wings,
1301,Wind-Rider,
1302,Cloud-Dancer,
1303,Ridge-Crosser,
1304,Sky-Sailor,
1305,Gale Falcon,
1306,Flash Falcon,
1307,Dawn Eagle,
1308,Moonlight Eagle,
1309,Guardian of the Abyss,
1401,Dragon Rise,
1402,Sandstorm,
1403,Crimson Dragon Knight,
1404,Silver Dragoon,
1405,Void Trace,
1406,Abyssal Ethereal Spirit,
1407,Apparition of the White Night,
1408,Eternal Nomad,
1409,Abyssal Guardian,
1410,Ashen Flame,
1411,Heaven’s Grace,
1412,Soaring Dream,
1413,Vortex Weaver,
1414,Yuri's Glide,
